difficulty,winrate,pickPolicy,carryCap,run,period,netWorth
1,1,synergy,off,0,1,-4980.00
1,1,synergy,off,0,2,-4978.98
1,1,synergy,off,0,3,-4971.61
1,1,synergy,off,0,4,-4952.27
1,1,synergy,off,0,5,-4639.73
1,1,synergy,off,0,6,-4629.93
1,1,synergy,off,0,7,-4629.93
1,1,synergy,off,0,8,-4494.93
1,1,synergy,off,0,9,-3962.41
1,1,synergy,off,0,10,-4002.41
1,1,synergy,off,0,11,-2862.41
1,1,synergy,off,0,12,1618.21
1,1,synergy,off,0,13,1913.21
1,1,synergy,off,0,14,1653.21
1,1,synergy,off,0,15,1099.11
1,1,synergy,off,0,16,1859.11
1,1,synergy,off,0,17,1644.11
1,1,synergy,off,0,18,3154.11
1,1,synergy,off,0,19,224.82
1,1,synergy,off,0,20,430.28
1,1,synergy,off,0,21,390.28
1,1,synergy,off,0,22,460.28
1,1,synergy,off,0,23,934.62
1,1,synergy,off,0,24,1822.86
1,1,synergy,off,0,25,2620.09
1,1,synergy,off,0,26,7795.63
1,1,synergy,off,0,27,9247.39
1,1,synergy,off,0,28,13569.73
1,1,synergy,off,0,29,13029.15
1,1,synergy,off,0,30,22588.71
1,1,synergy,off,0,31,23341.47
1,1,synergy,off,0,32,6621.47
1,1,synergy,off,0,33,9356.47
1,1,synergy,off,0,34,19716.06
1,1,synergy,off,0,35,27839.48
1,1,synergy,off,0,36,22655.90
1,1,synergy,off,0,37,20487.23
1,1,synergy,off,0,38,28376.44
1,1,synergy,off,0,39,27826.19
1,1,synergy,off,0,40,19820.18
1,1,synergy,off,1,1,-4980.00
1,1,synergy,off,1,2,-4967.35
1,1,synergy,off,1,3,-4840.30
1,1,synergy,off,1,4,-4937.64
1,1,synergy,off,1,5,-4785.80
1,1,synergy,off,1,6,-4503.02
1,1,synergy,off,1,7,-4443.02
1,1,synergy,off,1,8,-3596.55
1,1,synergy,off,1,9,-3391.55
1,1,synergy,off,1,10,-3167.41
1,1,synergy,off,1,11,-2417.49
1,1,synergy,off,1,12,-2477.49
1,1,synergy,off,1,13,-1992.86
1,1,synergy,off,1,14,-1669.18
1,1,synergy,off,1,15,-1356.00
1,1,synergy,off,1,16,-3299.33
1,1,synergy,off,1,17,-2085.05
1,1,synergy,off,1,18,-494.11
1,1,synergy,off,1,19,2273.17
1,1,synergy,off,1,20,2199.47
1,1,synergy,off,1,21,1542.86
1,1,synergy,off,1,22,2479.55
1,1,synergy,off,1,23,2398.07
1,1,synergy,off,1,24,2821.94
1,1,synergy,off,1,25,2851.94
1,1,synergy,off,1,26,4659.44
1,1,synergy,off,1,27,6414.99
1,1,synergy,off,1,28,13429.95
1,1,synergy,off,1,29,12270.36
1,1,synergy,off,1,30,20127.83
1,1,synergy,off,1,31,20337.46
1,1,synergy,off,1,32,12084.33
1,1,synergy,off,1,33,14225.83
1,1,synergy,off,1,34,16136.83
1,1,synergy,off,1,35,16016.83
1,1,synergy,off,1,36,20690.21
1,1,synergy,off,1,37,23385.08
1,1,synergy,off,1,38,27687.64
1,1,synergy,off,1,39,43359.20
1,1,synergy,off,1,40,18451.07
1,1,synergy,off,2,1,-4980.00
1,1,synergy,off,2,2,-4941.46
1,1,synergy,off,2,3,-4893.34
1,1,synergy,off,2,4,-4569.04
1,1,synergy,off,2,5,-3867.42
1,1,synergy,off,2,6,-3622.42
1,1,synergy,off,2,7,-2740.85
1,1,synergy,off,2,8,-1920.85
1,1,synergy,off,2,9,-1370.85
1,1,synergy,off,2,10,-730.85
1,1,synergy,off,2,11,-645.85
1,1,synergy,off,2,12,-563.24
1,1,synergy,off,2,13,-228.24
1,1,synergy,off,2,14,-553.24
1,1,synergy,off,2,15,-227.24
1,1,synergy,off,2,16,3447.80
1,1,synergy,off,2,17,11371.40
1,1,synergy,off,2,18,8802.10
1,1,synergy,off,2,19,8757.10
1,1,synergy,off,2,20,8387.10
1,1,synergy,off,2,21,8432.10
1,1,synergy,off,2,22,8802.10
1,1,synergy,off,2,23,16483.80
1,1,synergy,off,2,24,4393.80
1,1,synergy,off,2,25,4333.80
1,1,synergy,off,2,26,4848.80
1,1,synergy,off,2,27,5572.80
1,1,synergy,off,2,28,7416.52
1,1,synergy,off,2,29,10905.40
1,1,synergy,off,2,30,15590.80
1,1,synergy,off,2,31,16320.80
1,1,synergy,off,2,32,16444.04
1,1,synergy,off,2,33,17192.36
1,1,synergy,off,2,34,34628.20
1,1,synergy,off,2,35,34993.20
1,1,synergy,off,2,36,20653.20
1,1,synergy,off,2,37,20983.20
1,1,synergy,off,2,38,31375.32
1,1,synergy,off,2,39,42204.17
1,1,synergy,off,2,40,51629.29
1,1,synergy,off,3,1,-4980.00
1,1,synergy,off,3,2,-4966.45
1,1,synergy,off,3,3,-4510.41
1,1,synergy,off,3,4,-4194.13
1,1,synergy,off,3,5,-4204.13
1,1,synergy,off,3,6,-2970.13
1,1,synergy,off,3,7,-1260.13
1,1,synergy,off,3,8,-1175.13
1,1,synergy,off,3,9,-165.13
1,1,synergy,off,3,10,1089.87
1,1,synergy,off,3,11,1229.87
1,1,synergy,off,3,12,3379.87
1,1,synergy,off,3,13,9614.01
1,1,synergy,off,3,14,13184.19
1,1,synergy,off,3,15,13458.60
1,1,synergy,off,3,16,4607.44
1,1,synergy,off,3,17,4849.19
1,1,synergy,off,3,18,5432.52
1,1,synergy,off,3,19,6559.51
1,1,synergy,off,3,20,7795.76
1,1,synergy,off,3,21,7785.76
1,1,synergy,off,3,22,7805.76
1,1,synergy,off,3,23,8232.76
1,1,synergy,off,3,24,7129.85
1,1,synergy,off,3,25,8312.85
1,1,synergy,off,3,26,13646.32
1,1,synergy,off,3,27,17724.82
1,1,synergy,off,3,28,14651.96
1,1,synergy,off,3,29,14701.96
1,1,synergy,off,3,30,22431.71
1,1,synergy,off,3,31,22517.96
1,1,synergy,off,3,32,12814.11
1,1,synergy,off,3,33,13014.09
1,1,synergy,off,3,34,13554.59
1,1,synergy,off,3,35,13299.59
1,1,synergy,off,3,36,13746.51
1,1,synergy,off,3,37,16626.04
1,1,synergy,off,3,38,18260.86
1,1,synergy,off,3,39,18240.86
1,1,synergy,off,3,40,18095.86
1,1,synergy,off,4,1,-4980.00
1,1,synergy,off,4,2,-4965.66
1,1,synergy,off,4,3,-4934.38
1,1,synergy,off,4,4,-4863.58
1,1,synergy,off,4,5,-4763.25
1,1,synergy,off,4,6,-4326.19
1,1,synergy,off,4,7,-4436.80
1,1,synergy,off,4,8,-3347.66
1,1,synergy,off,4,9,-2686.37
1,1,synergy,off,4,10,-1575.78
1,1,synergy,off,4,11,5341.77
1,1,synergy,off,4,12,5884.27
1,1,synergy,off,4,13,5099.27
1,1,synergy,off,4,14,5319.27
1,1,synergy,off,4,15,5914.27
1,1,synergy,off,4,16,4696.77
1,1,synergy,off,4,17,5544.27
1,1,synergy,off,4,18,6419.27
1,1,synergy,off,4,19,14278.65
1,1,synergy,off,4,20,11432.34
1,1,synergy,off,4,21,12137.34
1,1,synergy,off,4,22,26552.04
1,1,synergy,off,4,23,26482.04
1,1,synergy,off,4,24,21417.04
1,1,synergy,off,4,25,21572.04
1,1,synergy,off,4,26,22708.29
1,1,synergy,off,4,27,31942.56
1,1,synergy,off,4,28,61693.34
1,1,synergy,off,4,29,111255.84
1,1,synergy,off,4,30,111337.09
1,1,synergy,off,4,31,134802.09
1,1,synergy,off,4,32,72239.59
1,1,synergy,off,4,33,73174.59
1,1,synergy,off,4,34,135868.34
1,1,synergy,off,4,35,238715.84
1,1,synergy,off,4,36,98308.34
1,1,synergy,off,4,37,99078.34
1,1,synergy,off,4,38,99203.34
1,1,synergy,off,4,39,99148.34
1,1,synergy,off,4,40,93323.34
1,1,synergy,off,5,1,-4980.00
1,1,synergy,off,5,2,-4979.58
1,1,synergy,off,5,3,-4971.70
1,1,synergy,off,5,4,-4964.94
1,1,synergy,off,5,5,-4952.82
1,1,synergy,off,5,6,-4917.61
1,1,synergy,off,5,7,-4923.22
1,1,synergy,off,5,8,-4767.09
1,1,synergy,off,5,9,-4611.55
1,1,synergy,off,5,10,-4456.35
1,1,synergy,off,5,11,-4561.97
1,1,synergy,off,5,12,-3579.13
1,1,synergy,off,5,13,-2824.37
1,1,synergy,off,5,14,-1928.31
1,1,synergy,off,5,15,-256.83
1,1,synergy,off,5,16,1100.67
1,1,synergy,off,5,17,3049.91
1,1,synergy,off,5,18,3382.86
1,1,synergy,off,5,19,35468.80
1,1,synergy,off,5,20,19113.12
1,1,synergy,off,5,21,18213.12
1,1,synergy,off,5,22,14208.12
1,1,synergy,off,5,23,15493.12
1,1,synergy,off,5,24,20334.99
1,1,synergy,off,5,25,21135.62
1,1,synergy,off,5,26,21070.62
1,1,synergy,off,5,27,23665.62
1,1,synergy,off,5,28,23708.25
1,1,synergy,off,5,29,25071.50
1,1,synergy,off,5,30,29215.29
1,1,synergy,off,5,31,36686.84
1,1,synergy,off,5,32,34267.54
1,1,synergy,off,5,33,39282.54
1,1,synergy,off,5,34,49065.04
1,1,synergy,off,5,35,63536.05
1,1,synergy,off,5,36,82293.48
1,1,synergy,off,5,37,85896.84
1,1,synergy,off,5,38,78530.44
1,1,synergy,off,5,39,139113.92
1,1,synergy,off,5,40,95523.92
1,1,synergy,off,6,1,-4980.00
1,1,synergy,off,6,2,-4979.97
1,1,synergy,off,6,3,-4972.21
1,1,synergy,off,6,4,-4974.35
1,1,synergy,off,6,5,-4520.28
1,1,synergy,off,6,6,-3734.20
1,1,synergy,off,6,7,-2986.70
1,1,synergy,off,6,8,-2486.45
1,1,synergy,off,6,9,-2584.14
1,1,synergy,off,6,10,3440.30
1,1,synergy,off,6,11,3877.08
1,1,synergy,off,6,12,372.08
1,1,synergy,off,6,13,515.83
1,1,synergy,off,6,14,2085.58
1,1,synergy,off,6,15,5803.02
1,1,synergy,off,6,16,4722.72
1,1,synergy,off,6,17,6858.56
1,1,synergy,off,6,18,8551.87
1,1,synergy,off,6,19,11359.19
1,1,synergy,off,6,20,22246.57
1,1,synergy,off,6,21,22714.93
1,1,synergy,off,6,22,24330.28
1,1,synergy,off,6,23,33382.12
1,1,synergy,off,6,24,54090.18
1,1,synergy,off,6,25,59541.18
1,1,synergy,off,6,26,60152.39
1,1,synergy,off,6,27,61885.07
1,1,synergy,off,6,28,61665.07
1,1,synergy,off,6,29,62320.45
1,1,synergy,off,6,30,64525.45
1,1,synergy,off,6,31,71576.59
1,1,synergy,off,6,32,67464.72
1,1,synergy,off,6,33,74042.72
1,1,synergy,off,6,34,75379.82
1,1,synergy,off,6,35,79195.27
1,1,synergy,off,6,36,80023.47
1,1,synergy,off,6,37,87987.29
1,1,synergy,off,6,38,90651.67
1,1,synergy,off,6,39,91594.92
1,1,synergy,off,6,40,97052.29
1,1,synergy,off,7,1,-4980.00
1,1,synergy,off,7,2,-4900.45
1,1,synergy,off,7,3,-4860.12
1,1,synergy,off,7,4,-4633.68
1,1,synergy,off,7,5,-4230.16
1,1,synergy,off,7,6,-4567.49
1,1,synergy,off,7,7,-4991.63
1,1,synergy,off,7,8,-4991.03
1,1,synergy,off,7,9,-4985.98
1,1,synergy,off,7,10,-4979.24
1,1,synergy,off,7,11,-4977.98
1,1,synergy,off,7,12,-4975.15
1,1,synergy,off,7,13,-4932.71
1,1,synergy,off,7,14,-4752.31
1,1,synergy,off,7,15,-4768.12
1,1,synergy,off,7,16,-4749.77
1,1,synergy,off,7,17,-3539.54
1,1,synergy,off,7,18,-772.23
1,1,synergy,off,7,19,4430.75
1,1,synergy,off,7,20,5361.50
1,1,synergy,off,7,21,23392.50
1,1,synergy,off,7,22,23402.50
1,1,synergy,off,7,23,23520.25
1,1,synergy,off,7,24,160611.83
1,1,synergy,off,7,25,160801.83
1,1,synergy,off,7,26,162124.95
1,1,synergy,off,7,27,172514.93
1,1,synergy,off,7,28,171962.03
1,1,synergy,off,7,29,167013.04
1,1,synergy,off,7,30,166873.04
1,1,synergy,off,7,31,183021.04
1,1,synergy,off,7,32,177732.76
1,1,synergy,off,7,33,176118.56
1,1,synergy,off,7,34,220252.66
1,1,synergy,off,7,35,223609.54
1,1,synergy,off,7,36,211504.54
1,1,synergy,off,7,37,223731.73
1,1,synergy,off,7,38,263806.80
1,1,synergy,off,7,39,273241.80
1,1,synergy,off,7,40,208420.80
1,1,synergy,off,8,1,-4980.00
1,1,synergy,off,8,2,-4978.32
1,1,synergy,off,8,3,-4993.22
1,1,synergy,off,8,4,-4990.76
1,1,synergy,off,8,5,-4989.15
1,1,synergy,off,8,6,-4979.42
1,1,synergy,off,8,7,-4874.56
1,1,synergy,off,8,8,-4334.21
1,1,synergy,off,8,9,-2923.10
1,1,synergy,off,8,10,3640.55
1,1,synergy,off,8,11,3590.55
1,1,synergy,off,8,12,4174.30
1,1,synergy,off,8,13,6528.05
1,1,synergy,off,8,14,6208.05
1,1,synergy,off,8,15,3063.05
1,1,synergy,off,8,16,8866.02
1,1,synergy,off,8,17,32490.48
1,1,synergy,off,8,18,32375.48
1,1,synergy,off,8,19,32709.23
1,1,synergy,off,8,20,15172.98
1,1,synergy,off,8,21,33299.64
1,1,synergy,off,8,22,33014.64
1,1,synergy,off,8,23,36435.89
1,1,synergy,off,8,24,44387.14
1,1,synergy,off,8,25,51119.64
1,1,synergy,off,8,26,55894.84
1,1,synergy,off,8,27,73267.08
1,1,synergy,off,8,28,69030.83
1,1,synergy,off,8,29,123289.58
1,1,synergy,off,8,30,120199.58
1,1,synergy,off,8,31,120344.58
1,1,synergy,off,8,32,118289.58
1,1,synergy,off,8,33,198852.58
1,1,synergy,off,8,34,199274.58
1,1,synergy,off,8,35,200618.58
1,1,synergy,off,8,36,145030.33
1,1,synergy,off,8,37,144280.33
1,1,synergy,off,8,38,252531.58
1,1,synergy,off,8,39,255219.39
1,1,synergy,off,8,40,203791.89
1,1,synergy,off,9,1,-4980.00
1,1,synergy,off,9,2,-4978.85
1,1,synergy,off,9,3,-4971.01
1,1,synergy,off,9,4,-4674.56
1,1,synergy,off,9,5,-4408.89
1,1,synergy,off,9,6,-4143.66
1,1,synergy,off,9,7,-3963.74
1,1,synergy,off,9,8,-3577.31
1,1,synergy,off,9,9,-3888.51
1,1,synergy,off,9,10,-2084.59
1,1,synergy,off,9,11,-1356.83
1,1,synergy,off,9,12,848.00
1,1,synergy,off,9,13,1755.50
1,1,synergy,off,9,14,2723.13
1,1,synergy,off,9,15,2860.63
1,1,synergy,off,9,16,3060.00
1,1,synergy,off,9,17,3934.38
1,1,synergy,off,9,18,5115.53
1,1,synergy,off,9,19,9753.27
1,1,synergy,off,9,20,12309.79
1,1,synergy,off,9,21,11984.79
1,1,synergy,off,9,22,23645.79
1,1,synergy,off,9,23,23670.79
1,1,synergy,off,9,24,9653.79
1,1,synergy,off,9,25,25103.29
1,1,synergy,off,9,26,25213.29
1,1,synergy,off,9,27,29004.29
1,1,synergy,off,9,28,20402.54
1,1,synergy,off,9,29,22369.11
1,1,synergy,off,9,30,60408.94
1,1,synergy,off,9,31,60405.05
1,1,synergy,off,9,32,56090.83
1,1,synergy,off,9,33,61125.69
1,1,synergy,off,9,34,62336.87
1,1,synergy,off,9,35,62769.69
1,1,synergy,off,9,36,67046.80
1,1,synergy,off,9,37,65134.12
1,1,synergy,off,9,38,65331.52
1,1,synergy,off,9,39,72744.79
1,1,synergy,off,9,40,98589.16
1,1,synergy,off,10,1,-4980.00
1,1,synergy,off,10,2,-4980.89
1,1,synergy,off,10,3,-4977.93
1,1,synergy,off,10,4,-4580.33
1,1,synergy,off,10,5,-4127.74
1,1,synergy,off,10,6,-4107.74
1,1,synergy,off,10,7,-3683.74
1,1,synergy,off,10,8,-3673.74
1,1,synergy,off,10,9,-3278.74
1,1,synergy,off,10,10,-2812.21
1,1,synergy,off,10,11,-2875.47
1,1,synergy,off,10,12,-3021.81
1,1,synergy,off,10,13,-1781.41
1,1,synergy,off,10,14,-1421.41
1,1,synergy,off,10,15,-370.13
1,1,synergy,off,10,16,3336.30
1,1,synergy,off,10,17,3614.13
1,1,synergy,off,10,18,3864.70
1,1,synergy,off,10,19,4706.61
1,1,synergy,off,10,20,10784.39
1,1,synergy,off,10,21,11909.38
1,1,synergy,off,10,22,20562.99
1,1,synergy,off,10,23,22582.99
1,1,synergy,off,10,24,15605.11
1,1,synergy,off,10,25,15365.11
1,1,synergy,off,10,26,17000.11
1,1,synergy,off,10,27,20323.87
1,1,synergy,off,10,28,23583.87
1,1,synergy,off,10,29,49514.41
1,1,synergy,off,10,30,57476.91
1,1,synergy,off,10,31,74498.91
1,1,synergy,off,10,32,64403.91
1,1,synergy,off,10,33,66621.41
1,1,synergy,off,10,34,66571.41
1,1,synergy,off,10,35,68275.36
1,1,synergy,off,10,36,71741.25
1,1,synergy,off,10,37,75283.75
1,1,synergy,off,10,38,75588.75
1,1,synergy,off,10,39,85468.75
1,1,synergy,off,10,40,74609.09
1,1,synergy,off,11,1,-4980.00
1,1,synergy,off,11,2,-4965.78
1,1,synergy,off,11,3,-4972.93
1,1,synergy,off,11,4,-4961.20
1,1,synergy,off,11,5,-4947.32
1,1,synergy,off,11,6,-4877.19
1,1,synergy,off,11,7,-4642.11
1,1,synergy,off,11,8,-4642.11
1,1,synergy,off,11,9,-4318.16
1,1,synergy,off,11,10,-2822.66
1,1,synergy,off,11,11,-652.34
1,1,synergy,off,11,12,-429.06
1,1,synergy,off,11,13,28.45
1,1,synergy,off,11,14,6411.33
1,1,synergy,off,11,15,7764.62
1,1,synergy,off,11,16,4504.12
1,1,synergy,off,11,17,13257.62
1,1,synergy,off,11,18,13956.37
1,1,synergy,off,11,19,9787.27
1,1,synergy,off,11,20,8407.27
1,1,synergy,off,11,21,8432.27
1,1,synergy,off,11,22,8654.52
1,1,synergy,off,11,23,10363.77
1,1,synergy,off,11,24,6601.45
1,1,synergy,off,11,25,7404.45
1,1,synergy,off,11,26,9955.20
1,1,synergy,off,11,27,10010.20
1,1,synergy,off,11,28,9875.20
1,1,synergy,off,11,29,10338.70
1,1,synergy,off,11,30,12639.40
1,1,synergy,off,11,31,10047.93
1,1,synergy,off,11,32,13401.43
1,1,synergy,off,11,33,19009.16
1,1,synergy,off,11,34,19014.16
1,1,synergy,off,11,35,20679.66
1,1,synergy,off,11,36,20939.66
1,1,synergy,off,11,37,32747.56
1,1,synergy,off,11,38,50697.69
1,1,synergy,off,11,39,130359.35
1,1,synergy,off,11,40,65514.34
1,1,synergy,off,12,1,-4980.00
1,1,synergy,off,12,2,-4948.69
1,1,synergy,off,12,3,-4948.69
1,1,synergy,off,12,4,-4945.72
1,1,synergy,off,12,5,-4935.61
1,1,synergy,off,12,6,-4865.35
1,1,synergy,off,12,7,-4685.90
1,1,synergy,off,12,8,-4351.66
1,1,synergy,off,12,9,-4346.66
1,1,synergy,off,12,10,-4291.66
1,1,synergy,off,12,11,-3847.10
1,1,synergy,off,12,12,-3337.08
1,1,synergy,off,12,13,-3622.18
1,1,synergy,off,12,14,-3540.73
1,1,synergy,off,12,15,-3442.00
1,1,synergy,off,12,16,-3333.42
1,1,synergy,off,12,17,-1555.26
1,1,synergy,off,12,18,-1445.26
1,1,synergy,off,12,19,-375.26
1,1,synergy,off,12,20,614.74
1,1,synergy,off,12,21,2826.44
1,1,synergy,off,12,22,2911.44
1,1,synergy,off,12,23,3626.44
1,1,synergy,off,12,24,5226.44
1,1,synergy,off,12,25,23557.71
1,1,synergy,off,12,26,32449.71
1,1,synergy,off,12,27,52297.76
1,1,synergy,off,12,28,14847.76
1,1,synergy,off,12,29,22482.76
1,1,synergy,off,12,30,25487.76
1,1,synergy,off,12,31,25392.76
1,1,synergy,off,12,32,35581.16
1,1,synergy,off,12,33,67849.76
1,1,synergy,off,12,34,68366.03
1,1,synergy,off,12,35,74658.78
1,1,synergy,off,12,36,70038.78
1,1,synergy,off,12,37,275388.78
1,1,synergy,off,12,38,275318.78
1,1,synergy,off,12,39,275928.78
1,1,synergy,off,12,40,58948.78
1,1,synergy,off,13,1,-4980.00
1,1,synergy,off,13,2,-4969.48
1,1,synergy,off,13,3,-4962.20
1,1,synergy,off,13,4,-4953.28
1,1,synergy,off,13,5,-4955.97
1,1,synergy,off,13,6,-4938.86
1,1,synergy,off,13,7,-4877.07
1,1,synergy,off,13,8,-4767.29
1,1,synergy,off,13,9,-4348.50
1,1,synergy,off,13,10,-3892.72
1,1,synergy,off,13,11,-2479.69
1,1,synergy,off,13,12,352.95
1,1,synergy,off,13,13,502.95
1,1,synergy,off,13,14,2872.95
1,1,synergy,off,13,15,3152.95
1,1,synergy,off,13,16,3577.95
1,1,synergy,off,13,17,4207.95
1,1,synergy,off,13,18,4999.51
1,1,synergy,off,13,19,7326.23
1,1,synergy,off,13,20,9949.32
1,1,synergy,off,13,21,19037.19
1,1,synergy,off,13,22,33161.25
1,1,synergy,off,13,23,33514.46
1,1,synergy,off,13,24,9832.90
1,1,synergy,off,13,25,10112.90
1,1,synergy,off,13,26,12119.44
1,1,synergy,off,13,27,13660.68
1,1,synergy,off,13,28,14494.66
1,1,synergy,off,13,29,21971.06
1,1,synergy,off,13,30,23416.31
1,1,synergy,off,13,31,25355.06
1,1,synergy,off,13,32,21785.06
1,1,synergy,off,13,33,42755.46
1,1,synergy,off,13,34,58089.78
1,1,synergy,off,13,35,68702.63
1,1,synergy,off,13,36,52737.63
1,1,synergy,off,13,37,52482.63
1,1,synergy,off,13,38,134300.13
1,1,synergy,off,13,39,216478.88
1,1,synergy,off,13,40,71182.01
1,1,synergy,off,14,1,-4980.00
1,1,synergy,off,14,2,-4979.89
1,1,synergy,off,14,3,-4963.39
1,1,synergy,off,14,4,-4923.00
1,1,synergy,off,14,5,-4851.86
1,1,synergy,off,14,6,-4601.86
1,1,synergy,off,14,7,-4181.94
1,1,synergy,off,14,8,-2516.94
1,1,synergy,off,14,9,-2371.94
1,1,synergy,off,14,10,-1997.86
1,1,synergy,off,14,11,-1691.03
1,1,synergy,off,14,12,-1298.20
1,1,synergy,off,14,13,-558.73
1,1,synergy,off,14,14,2531.54
1,1,synergy,off,14,15,2776.54
1,1,synergy,off,14,16,5726.54
1,1,synergy,off,14,17,5446.54
1,1,synergy,off,14,18,9276.54
1,1,synergy,off,14,19,18291.94
1,1,synergy,off,14,20,24331.94
1,1,synergy,off,14,21,87716.48
1,1,synergy,off,14,22,49437.76
1,1,synergy,off,14,23,49582.76
1,1,synergy,off,14,24,19695.01
1,1,synergy,off,14,25,20337.51
1,1,synergy,off,14,26,20890.38
1,1,synergy,off,14,27,21700.41
1,1,synergy,off,14,28,23514.67
1,1,synergy,off,14,29,30210.31
1,1,synergy,off,14,30,25765.79
1,1,synergy,off,14,31,28896.33
1,1,synergy,off,14,32,28936.33
1,1,synergy,off,14,33,30838.15
1,1,synergy,off,14,34,34999.29
1,1,synergy,off,14,35,36114.25
1,1,synergy,off,14,36,37253.34
1,1,synergy,off,14,37,38284.59
1,1,synergy,off,14,38,54086.69
1,1,synergy,off,14,39,120320.77
1,1,synergy,off,14,40,70055.77
1,1,synergy,off,15,1,-4980.00
1,1,synergy,off,15,2,-4975.25
1,1,synergy,off,15,3,-4974.19
1,1,synergy,off,15,4,-4981.79
1,1,synergy,off,15,5,-4987.63
1,1,synergy,off,15,6,-4991.79
1,1,synergy,off,15,7,-4992.31
1,1,synergy,off,15,8,-4988.68
1,1,synergy,off,15,9,-4875.58
1,1,synergy,off,15,10,-4629.87
1,1,synergy,off,15,11,-4261.72
1,1,synergy,off,15,12,-4301.89
1,1,synergy,off,15,13,-4596.57
1,1,synergy,off,15,14,-4281.57
1,1,synergy,off,15,15,-4349.56
1,1,synergy,off,15,16,-3248.19
1,1,synergy,off,15,17,-1897.03
1,1,synergy,off,15,18,-50.99
1,1,synergy,off,15,19,2759.29
1,1,synergy,off,15,20,7778.00
1,1,synergy,off,15,21,10886.43
1,1,synergy,off,15,22,5952.79
1,1,synergy,off,15,23,25914.67
1,1,synergy,off,15,24,4212.97
1,1,synergy,off,15,25,6821.72
1,1,synergy,off,15,26,7859.62
1,1,synergy,off,15,27,7588.62
1,1,synergy,off,15,28,13166.39
1,1,synergy,off,15,29,13126.39
1,1,synergy,off,15,30,14793.89
1,1,synergy,off,15,31,16615.07
1,1,synergy,off,15,32,8860.16
1,1,synergy,off,15,33,9023.45
1,1,synergy,off,15,34,10996.17
1,1,synergy,off,15,35,31289.92
1,1,synergy,off,15,36,27607.42
1,1,synergy,off,15,37,28659.30
1,1,synergy,off,15,38,34784.55
1,1,synergy,off,15,39,35708.92
1,1,synergy,off,15,40,59951.49
1,1,synergy,off,16,1,-4980.00
1,1,synergy,off,16,2,-4963.99
1,1,synergy,off,16,3,-4939.76
1,1,synergy,off,16,4,-4935.41
1,1,synergy,off,16,5,-4928.28
1,1,synergy,off,16,6,-4785.06
1,1,synergy,off,16,7,-4625.94
1,1,synergy,off,16,8,-4135.70
1,1,synergy,off,16,9,-3890.70
1,1,synergy,off,16,10,-3586.00
1,1,synergy,off,16,11,-2720.69
1,1,synergy,off,16,12,-1892.22
1,1,synergy,off,16,13,1357.51
1,1,synergy,off,16,14,3507.59
1,1,synergy,off,16,15,4454.94
1,1,synergy,off,16,16,3783.75
1,1,synergy,off,16,17,4468.06
1,1,synergy,off,16,18,8119.88
1,1,synergy,off,16,19,13186.09
1,1,synergy,off,16,20,11097.95
1,1,synergy,off,16,21,12382.15
1,1,synergy,off,16,22,16611.55
1,1,synergy,off,16,23,17791.55
1,1,synergy,off,16,24,18080.03
1,1,synergy,off,16,25,26619.10
1,1,synergy,off,16,26,19485.89
1,1,synergy,off,16,27,19515.89
1,1,synergy,off,16,28,19680.89
1,1,synergy,off,16,29,21654.97
1,1,synergy,off,16,30,29149.79
1,1,synergy,off,16,31,34704.68
1,1,synergy,off,16,32,36060.68
1,1,synergy,off,16,33,63595.52
1,1,synergy,off,16,34,63145.52
1,1,synergy,off,16,35,65718.52
1,1,synergy,off,16,36,36638.52
1,1,synergy,off,16,37,42078.52
1,1,synergy,off,16,38,47733.52
1,1,synergy,off,16,39,47808.52
1,1,synergy,off,16,40,46338.52
1,1,synergy,off,17,1,-4980.00
1,1,synergy,off,17,2,-4962.29
1,1,synergy,off,17,3,-4880.18
1,1,synergy,off,17,4,-4857.50
1,1,synergy,off,17,5,-4912.17
1,1,synergy,off,17,6,-4597.99
1,1,synergy,off,17,7,-4511.53
1,1,synergy,off,17,8,-3856.26
1,1,synergy,off,17,9,-3851.26
1,1,synergy,off,17,10,-3700.48
1,1,synergy,off,17,11,-4026.32
1,1,synergy,off,17,12,-4027.91
1,1,synergy,off,17,13,-3966.61
1,1,synergy,off,17,14,-3430.52
1,1,synergy,off,17,15,-1925.40
1,1,synergy,off,17,16,3575.44
1,1,synergy,off,17,17,21593.36
1,1,synergy,off,17,18,58227.19
1,1,synergy,off,17,19,58312.93
1,1,synergy,off,17,20,34691.05
1,1,synergy,off,17,21,39046.89
1,1,synergy,off,17,22,38400.89
1,1,synergy,off,17,23,45904.33
1,1,synergy,off,17,24,28441.83
1,1,synergy,off,17,25,31927.77
1,1,synergy,off,17,26,37179.95
1,1,synergy,off,17,27,31080.89
1,1,synergy,off,17,28,33304.33
1,1,synergy,off,17,29,42859.33
1,1,synergy,off,17,30,44681.52
1,1,synergy,off,17,31,56196.52
1,1,synergy,off,17,32,46793.70
1,1,synergy,off,17,33,47570.45
1,1,synergy,off,17,34,70267.43
1,1,synergy,off,17,35,70227.43
1,1,synergy,off,17,36,65911.87
1,1,synergy,off,17,37,76538.46
1,1,synergy,off,17,38,77169.48
1,1,synergy,off,17,39,94295.09
1,1,synergy,off,17,40,89901.83
1,1,synergy,off,18,1,-4980.00
1,1,synergy,off,18,2,-4983.07
1,1,synergy,off,18,3,-4970.76
1,1,synergy,off,18,4,-4954.71
1,1,synergy,off,18,5,-4892.77
1,1,synergy,off,18,6,-4879.57
1,1,synergy,off,18,7,-4846.63
1,1,synergy,off,18,8,-4786.63
1,1,synergy,off,18,9,-4177.36
1,1,synergy,off,18,10,-4513.18
1,1,synergy,off,18,11,-3600.73
1,1,synergy,off,18,12,-2483.43
1,1,synergy,off,18,13,-755.46
1,1,synergy,off,18,14,1140.74
1,1,synergy,off,18,15,3040.74
1,1,synergy,off,18,16,3490.74
1,1,synergy,off,18,17,8392.82
1,1,synergy,off,18,18,12179.58
1,1,synergy,off,18,19,12664.58
1,1,synergy,off,18,20,11616.63
1,1,synergy,off,18,21,19840.92
1,1,synergy,off,18,22,19325.92
1,1,synergy,off,18,23,19609.92
1,1,synergy,off,18,24,29389.92
1,1,synergy,off,18,25,51817.01
1,1,synergy,off,18,26,61267.01
1,1,synergy,off,18,27,62132.01
1,1,synergy,off,18,28,42287.01
1,1,synergy,off,18,29,44832.01
1,1,synergy,off,18,30,47137.01
1,1,synergy,off,18,31,47142.01
1,1,synergy,off,18,32,58757.01
1,1,synergy,off,18,33,107321.09
1,1,synergy,off,18,34,107926.02
1,1,synergy,off,18,35,108856.02
1,1,synergy,off,18,36,73991.02
1,1,synergy,off,18,37,72836.02
1,1,synergy,off,18,38,72286.02
1,1,synergy,off,18,39,75001.02
1,1,synergy,off,18,40,71445.84
1,1,synergy,off,19,1,-4980.00
1,1,synergy,off,19,2,-4953.96
1,1,synergy,off,19,3,-4942.36
1,1,synergy,off,19,4,-4913.43
1,1,synergy,off,19,5,-4903.35
1,1,synergy,off,19,6,-4885.30
1,1,synergy,off,19,7,-4813.15
1,1,synergy,off,19,8,-4740.31
1,1,synergy,off,19,9,-3822.66
1,1,synergy,off,19,10,-3552.66
1,1,synergy,off,19,11,-279.30
1,1,synergy,off,19,12,4139.55
1,1,synergy,off,19,13,3994.55
1,1,synergy,off,19,14,907.27
1,1,synergy,off,19,15,867.27
1,1,synergy,off,19,16,1073.52
1,1,synergy,off,19,17,9346.02
1,1,synergy,off,19,18,8476.02
1,1,synergy,off,19,19,11804.77
1,1,synergy,off,19,20,9500.52
1,1,synergy,off,19,21,15940.52
1,1,synergy,off,19,22,36877.42
1,1,synergy,off,19,23,22841.19
1,1,synergy,off,19,24,8166.19
1,1,synergy,off,19,25,8291.19
1,1,synergy,off,19,26,13042.44
1,1,synergy,off,19,27,10817.44
1,1,synergy,off,19,28,9481.81
1,1,synergy,off,19,29,9536.81
1,1,synergy,off,19,30,17074.94
1,1,synergy,off,19,31,69632.89
1,1,synergy,off,19,32,29511.89
1,1,synergy,off,19,33,36317.61
1,1,synergy,off,19,34,57607.08
1,1,synergy,off,19,35,103606.31
1,1,synergy,off,19,36,68561.31
1,1,synergy,off,19,37,68925.06
1,1,synergy,off,19,38,68440.06
1,1,synergy,off,19,39,73982.56
1,1,synergy,off,19,40,69007.56
1,1,synergy,off,20,1,-4980.00
1,1,synergy,off,20,2,-4975.01
1,1,synergy,off,20,3,-4935.57
1,1,synergy,off,20,4,-4487.47
1,1,synergy,off,20,5,-3847.47
1,1,synergy,off,20,6,-3647.47
1,1,synergy,off,20,7,-2617.47
1,1,synergy,off,20,8,-1647.03
1,1,synergy,off,20,9,-1642.03
1,1,synergy,off,20,10,-1366.06
1,1,synergy,off,20,11,-1048.68
1,1,synergy,off,20,12,-1058.68
1,1,synergy,off,20,13,-565.68
1,1,synergy,off,20,14,2832.57
1,1,synergy,off,20,15,3240.82
1,1,synergy,off,20,16,3100.82
1,1,synergy,off,20,17,7800.82
1,1,synergy,off,20,18,8004.75
1,1,synergy,off,20,19,10072.03
1,1,synergy,off,20,20,15482.68
1,1,synergy,off,20,21,28024.43
1,1,synergy,off,20,22,36243.85
1,1,synergy,off,20,23,36206.02
1,1,synergy,off,20,24,19662.08
1,1,synergy,off,20,25,24703.43
1,1,synergy,off,20,26,32167.82
1,1,synergy,off,20,27,42593.08
1,1,synergy,off,20,28,20778.58
1,1,synergy,off,20,29,22095.96
1,1,synergy,off,20,30,23841.58
1,1,synergy,off,20,31,24276.46
1,1,synergy,off,20,32,19460.21
1,1,synergy,off,20,33,23433.08
1,1,synergy,off,20,34,27074.05
1,1,synergy,off,20,35,31260.70
1,1,synergy,off,20,36,26260.70
1,1,synergy,off,20,37,26993.64
1,1,synergy,off,20,38,33157.45
1,1,synergy,off,20,39,35515.57
1,1,synergy,off,20,40,52852.10
1,1,synergy,off,21,1,-4980.00
1,1,synergy,off,21,2,-4952.43
1,1,synergy,off,21,3,-4751.29
1,1,synergy,off,21,4,-4357.47
1,1,synergy,off,21,5,-4357.47
1,1,synergy,off,21,6,-3432.47
1,1,synergy,off,21,7,-3022.47
1,1,synergy,off,21,8,-3272.47
1,1,synergy,off,21,9,-707.47
1,1,synergy,off,21,10,-762.47
1,1,synergy,off,21,11,-2129.97
1,1,synergy,off,21,12,-2244.97
1,1,synergy,off,21,13,-56.22
1,1,synergy,off,21,14,40.03
1,1,synergy,off,21,15,381.28
1,1,synergy,off,21,16,4113.57
1,1,synergy,off,21,17,19509.59
1,1,synergy,off,21,18,19429.59
1,1,synergy,off,21,19,9712.00
1,1,synergy,off,21,20,9772.00
1,1,synergy,off,21,21,7740.70
1,1,synergy,off,21,22,7845.70
1,1,synergy,off,21,23,8991.95
1,1,synergy,off,21,24,8987.68
1,1,synergy,off,21,25,10257.68
1,1,synergy,off,21,26,10467.68
1,1,synergy,off,21,27,9611.49
1,1,synergy,off,21,28,11920.93
1,1,synergy,off,21,29,12162.14
1,1,synergy,off,21,30,19348.23
1,1,synergy,off,21,31,78183.50
1,1,synergy,off,21,32,17059.90
1,1,synergy,off,21,33,18953.84
1,1,synergy,off,21,34,27252.01
1,1,synergy,off,21,35,29260.13
1,1,synergy,off,21,36,58573.87
1,1,synergy,off,21,37,67126.99
1,1,synergy,off,21,38,100457.05
1,1,synergy,off,21,39,101593.93
1,1,synergy,off,21,40,66598.93
1,1,synergy,off,22,1,-4980.00
1,1,synergy,off,22,2,-4983.73
1,1,synergy,off,22,3,-4992.91
1,1,synergy,off,22,4,-4991.95
1,1,synergy,off,22,5,-4991.95
1,1,synergy,off,22,6,-4992.37
1,1,synergy,off,22,7,-4980.14
1,1,synergy,off,22,8,-4960.95
1,1,synergy,off,22,9,-4940.10
1,1,synergy,off,22,10,-4909.72
1,1,synergy,off,22,11,-4884.35
1,1,synergy,off,22,12,-4837.38
1,1,synergy,off,22,13,-4522.38
1,1,synergy,off,22,14,-4521.70
1,1,synergy,off,22,15,-4099.76
1,1,synergy,off,22,16,-3869.76
1,1,synergy,off,22,17,-2294.76
1,1,synergy,off,22,18,-1188.86
1,1,synergy,off,22,19,-2363.94
1,1,synergy,off,22,20,-2413.94
1,1,synergy,off,22,21,-3028.96
1,1,synergy,off,22,22,-1530.09
1,1,synergy,off,22,23,-273.64
1,1,synergy,off,22,24,2098.31
1,1,synergy,off,22,25,10958.79
1,1,synergy,off,22,26,14058.79
1,1,synergy,off,22,27,15168.79
1,1,synergy,off,22,28,4948.79
1,1,synergy,off,22,29,5236.29
1,1,synergy,off,22,30,6498.79
1,1,synergy,off,22,31,14773.79
1,1,synergy,off,22,32,17062.36
1,1,synergy,off,22,33,37968.12
1,1,synergy,off,22,34,71480.43
1,1,synergy,off,22,35,75255.43
1,1,synergy,off,22,36,52543.93
1,1,synergy,off,22,37,13543.13
1,1,synergy,off,22,38,11224.50
1,1,synergy,off,22,39,12624.50
1,1,synergy,off,22,40,17512.00
1,1,synergy,off,23,1,-4980.00
1,1,synergy,off,23,2,-4982.15
1,1,synergy,off,23,3,-4970.81
1,1,synergy,off,23,4,-4898.53
1,1,synergy,off,23,5,-4430.31
1,1,synergy,off,23,6,-4430.31
1,1,synergy,off,23,7,-4065.62
1,1,synergy,off,23,8,-4065.62
1,1,synergy,off,23,9,-3699.62
1,1,synergy,off,23,10,-4380.65
1,1,synergy,off,23,11,-4382.86
1,1,synergy,off,23,12,-4032.23
1,1,synergy,off,23,13,-4395.26
1,1,synergy,off,23,14,-4169.96
1,1,synergy,off,23,15,-3976.88
1,1,synergy,off,23,16,-3858.74
1,1,synergy,off,23,17,-705.10
1,1,synergy,off,23,18,-11.60
1,1,synergy,off,23,19,2847.90
1,1,synergy,off,23,20,3256.40
1,1,synergy,off,23,21,8803.41
1,1,synergy,off,23,22,8613.41
1,1,synergy,off,23,23,14394.52
1,1,synergy,off,23,24,25338.04
1,1,synergy,off,23,25,35335.54
1,1,synergy,off,23,26,35476.54
1,1,synergy,off,23,27,36158.04
1,1,synergy,off,23,28,59026.63
1,1,synergy,off,23,29,60874.77
1,1,synergy,off,23,30,60824.77
1,1,synergy,off,23,31,61567.23
1,1,synergy,off,23,32,163671.23
1,1,synergy,off,23,33,237031.69
1,1,synergy,off,23,34,269913.84
1,1,synergy,off,23,35,232500.88
1,1,synergy,off,23,36,151267.52
1,1,synergy,off,23,37,249637.46
1,1,synergy,off,23,38,365374.71
1,1,synergy,off,23,39,371544.90
1,1,synergy,off,23,40,351255.83
1,1,synergy,off,24,1,-4980.00
1,1,synergy,off,24,2,-4980.86
1,1,synergy,off,24,3,-4970.68
1,1,synergy,off,24,4,-4951.55
1,1,synergy,off,24,5,-4951.55
1,1,synergy,off,24,6,-4972.03
1,1,synergy,off,24,7,-4883.41
1,1,synergy,off,24,8,-4668.36
1,1,synergy,off,24,9,-4665.55
1,1,synergy,off,24,10,-4550.94
1,1,synergy,off,24,11,-3626.86
1,1,synergy,off,24,12,-3196.50
1,1,synergy,off,24,13,-1409.46
1,1,synergy,off,24,14,1919.54
1,1,synergy,off,24,15,11134.04
1,1,synergy,off,24,16,909.04
1,1,synergy,off,24,17,1969.04
1,1,synergy,off,24,18,2242.44
1,1,synergy,off,24,19,6640.55
1,1,synergy,off,24,20,14678.75
1,1,synergy,off,24,21,14759.93
1,1,synergy,off,24,22,25020.11
1,1,synergy,off,24,23,25302.11
1,1,synergy,off,24,24,13212.11
1,1,synergy,off,24,25,13532.11
1,1,synergy,off,24,26,15066.83
1,1,synergy,off,24,27,13751.37
1,1,synergy,off,24,28,15972.49
1,1,synergy,off,24,29,17479.18
1,1,synergy,off,24,30,22512.57
1,1,synergy,off,24,31,22777.57
1,1,synergy,off,24,32,25966.12
1,1,synergy,off,24,33,33813.62
1,1,synergy,off,24,34,32848.62
1,1,synergy,off,24,35,33254.24
1,1,synergy,off,24,36,37033.62
1,1,synergy,off,24,37,42664.24
1,1,synergy,off,24,38,48542.37
1,1,synergy,off,24,39,49697.37
1,1,synergy,off,24,40,45652.99
1,1,synergy,off,25,1,-4980.00
1,1,synergy,off,25,2,-4986.03
1,1,synergy,off,25,3,-4968.91
1,1,synergy,off,25,4,-4938.24
1,1,synergy,off,25,5,-4834.76
1,1,synergy,off,25,6,-4763.78
1,1,synergy,off,25,7,-4567.78
1,1,synergy,off,25,8,-4227.78
1,1,synergy,off,25,9,-2387.51
1,1,synergy,off,25,10,-188.56
1,1,synergy,off,25,11,992.58
1,1,synergy,off,25,12,3148.58
1,1,synergy,off,25,13,3246.58
1,1,synergy,off,25,14,3620.21
1,1,synergy,off,25,15,10075.96
1,1,synergy,off,25,16,5025.96
1,1,synergy,off,25,17,5165.96
1,1,synergy,off,25,18,3720.96
1,1,synergy,off,25,19,4083.90
1,1,synergy,off,25,20,4047.16
1,1,synergy,off,25,21,5348.18
1,1,synergy,off,25,22,5818.26
1,1,synergy,off,25,23,8058.62
1,1,synergy,off,25,24,10765.07
1,1,synergy,off,25,25,11778.04
1,1,synergy,off,25,26,11890.12
1,1,synergy,off,25,27,11920.12
1,1,synergy,off,25,28,13280.50
1,1,synergy,off,25,29,20833.53
1,1,synergy,off,25,30,38175.77
1,1,synergy,off,25,31,102982.00
1,1,synergy,off,25,32,39339.15
1,1,synergy,off,25,33,39749.15
1,1,synergy,off,25,34,40377.73
1,1,synergy,off,25,35,44334.88
1,1,synergy,off,25,36,51413.04
1,1,synergy,off,25,37,60931.69
1,1,synergy,off,25,38,65374.10
1,1,synergy,off,25,39,137279.03
1,1,synergy,off,25,40,78039.09
1,1,synergy,off,26,1,-4980.00
1,1,synergy,off,26,2,-4899.12
1,1,synergy,off,26,3,-4436.33
1,1,synergy,off,26,4,-4421.18
1,1,synergy,off,26,5,-3476.18
1,1,synergy,off,26,6,-1533.78
1,1,synergy,off,26,7,256.22
1,1,synergy,off,26,8,256.22
1,1,synergy,off,26,9,261.22
1,1,synergy,off,26,10,395.01
1,1,synergy,off,26,11,1430.77
1,1,synergy,off,26,12,1450.01
1,1,synergy,off,26,13,1846.55
1,1,synergy,off,26,14,1895.79
1,1,synergy,off,26,15,2058.58
1,1,synergy,off,26,16,3434.26
1,1,synergy,off,26,17,8403.74
1,1,synergy,off,26,18,9239.86
1,1,synergy,off,26,19,27194.39
1,1,synergy,off,26,20,17360.48
1,1,synergy,off,26,21,33838.62
1,1,synergy,off,26,22,41483.25
1,1,synergy,off,26,23,40994.69
1,1,synergy,off,26,24,33376.76
1,1,synergy,off,26,25,49527.57
1,1,synergy,off,26,26,81596.97
1,1,synergy,off,26,27,82526.97
1,1,synergy,off,26,28,68506.97
1,1,synergy,off,26,29,49672.50
1,1,synergy,off,26,30,87817.14
1,1,synergy,off,26,31,87922.14
1,1,synergy,off,26,32,64329.64
1,1,synergy,off,26,33,64354.64
1,1,synergy,off,26,34,193164.64
1,1,synergy,off,26,35,192889.64
1,1,synergy,off,26,36,97629.64
1,1,synergy,off,26,37,76264.64
1,1,synergy,off,26,38,76134.64
1,1,synergy,off,26,39,76989.64
1,1,synergy,off,26,40,93357.01
1,1,synergy,off,27,1,-4980.00
1,1,synergy,off,27,2,-4933.51
1,1,synergy,off,27,3,-4937.17
1,1,synergy,off,27,4,-4692.37
1,1,synergy,off,27,5,-4730.46
1,1,synergy,off,27,6,-4483.44
1,1,synergy,off,27,7,-4018.44
1,1,synergy,off,27,8,-3573.44
1,1,synergy,off,27,9,-3036.32
1,1,synergy,off,27,10,-1702.92
1,1,synergy,off,27,11,102.80
1,1,synergy,off,27,12,287.42
1,1,synergy,off,27,13,7340.99
1,1,synergy,off,27,14,7305.99
1,1,synergy,off,27,15,7275.99
1,1,synergy,off,27,16,10077.87
1,1,synergy,off,27,17,24502.87
1,1,synergy,off,27,18,24062.87
1,1,synergy,off,27,19,26218.87
1,1,synergy,off,27,20,11273.87
1,1,synergy,off,27,21,15288.87
1,1,synergy,off,27,22,27519.72
1,1,synergy,off,27,23,31692.36
1,1,synergy,off,27,24,40261.73
1,1,synergy,off,27,25,40431.73
1,1,synergy,off,27,26,41666.67
1,1,synergy,off,27,27,43886.67
1,1,synergy,off,27,28,43967.61
1,1,synergy,off,27,29,45794.48
1,1,synergy,off,27,30,62409.79
1,1,synergy,off,27,31,64155.73
1,1,synergy,off,27,32,54565.73
1,1,synergy,off,27,33,54670.73
1,1,synergy,off,27,34,99334.48
1,1,synergy,off,27,35,196524.51
1,1,synergy,off,27,36,101899.91
1,1,synergy,off,27,37,100580.37
1,1,synergy,off,27,38,105308.94
1,1,synergy,off,27,39,343774.55
1,1,synergy,off,27,40,102687.64
1,1,synergy,off,28,1,-4980.00
1,1,synergy,off,28,2,-4924.70
1,1,synergy,off,28,3,-4918.94
1,1,synergy,off,28,4,-4898.48
1,1,synergy,off,28,5,-4869.10
1,1,synergy,off,28,6,-4539.83
1,1,synergy,off,28,7,-3962.51
1,1,synergy,off,28,8,-3487.51
1,1,synergy,off,28,9,-1143.37
1,1,synergy,off,28,10,1061.32
1,1,synergy,off,28,11,7026.10
1,1,synergy,off,28,12,2408.10
1,1,synergy,off,28,13,2833.10
1,1,synergy,off,28,14,11911.57
1,1,synergy,off,28,15,12031.57
1,1,synergy,off,28,16,2001.57
1,1,synergy,off,28,17,16109.07
1,1,synergy,off,28,18,19429.38
1,1,synergy,off,28,19,19514.38
1,1,synergy,off,28,20,30632.51
1,1,synergy,off,28,21,33713.76
1,1,synergy,off,28,22,33613.76
1,1,synergy,off,28,23,48482.51
1,1,synergy,off,28,24,43867.51
1,1,synergy,off,28,25,57281.26
1,1,synergy,off,28,26,66976.57
1,1,synergy,off,28,27,103677.89
1,1,synergy,off,28,28,115126.33
1,1,synergy,off,28,29,157054.79
1,1,synergy,off,28,30,154956.06
1,1,synergy,off,28,31,190108.39
1,1,synergy,off,28,32,88928.39
1,1,synergy,off,28,33,93751.51
1,1,synergy,off,28,34,97333.25
1,1,synergy,off,28,35,103107.93
1,1,synergy,off,28,36,112345.43
1,1,synergy,off,28,37,171038.69
1,1,synergy,off,28,38,170648.69
1,1,synergy,off,28,39,170833.69
1,1,synergy,off,28,40,140564.94
1,1,synergy,off,29,1,-4980.00
1,1,synergy,off,29,2,-4960.65
1,1,synergy,off,29,3,-4963.23
1,1,synergy,off,29,4,-4943.88
1,1,synergy,off,29,5,-4898.52
1,1,synergy,off,29,6,-4847.78
1,1,synergy,off,29,7,-4982.92
1,1,synergy,off,29,8,-4975.02
1,1,synergy,off,29,9,-4945.05
1,1,synergy,off,29,10,-4801.44
1,1,synergy,off,29,11,-4578.12
1,1,synergy,off,29,12,-4702.43
1,1,synergy,off,29,13,-4186.63
1,1,synergy,off,29,14,-3530.08
1,1,synergy,off,29,15,-2881.18
1,1,synergy,off,29,16,-2257.35
1,1,synergy,off,29,17,-549.09
1,1,synergy,off,29,18,1072.11
1,1,synergy,off,29,19,2192.11
1,1,synergy,off,29,20,2522.11
1,1,synergy,off,29,21,2432.11
1,1,synergy,off,29,22,2427.11
1,1,synergy,off,29,23,2237.11
1,1,synergy,off,29,24,7220.05
1,1,synergy,off,29,25,11335.05
1,1,synergy,off,29,26,11760.05
1,1,synergy,off,29,27,7118.06
1,1,synergy,off,29,28,12406.04
1,1,synergy,off,29,29,15872.56
1,1,synergy,off,29,30,21499.65
1,1,synergy,off,29,31,14625.72
1,1,synergy,off,29,32,14833.97
1,1,synergy,off,29,33,17940.97
1,1,synergy,off,29,34,23965.13
1,1,synergy,off,29,35,30289.02
1,1,synergy,off,29,36,23567.42
1,1,synergy,off,29,37,23807.63
1,1,synergy,off,29,38,26755.74
1,1,synergy,off,29,39,29013.59
1,1,synergy,off,29,40,19396.86
3,1,synergy,off,0,1,-24980.00
3,1,synergy,off,0,2,-24967.23
3,1,synergy,off,0,3,-24977.31
3,1,synergy,off,0,4,-24968.91
3,1,synergy,off,0,5,-24984.05
3,1,synergy,off,0,6,-24939.21
3,1,synergy,off,0,7,-24937.11
3,1,synergy,off,0,8,-24857.23
3,1,synergy,off,0,9,-23928.83
3,1,synergy,off,0,10,-24048.83
3,1,synergy,off,0,11,-24033.83
3,1,synergy,off,0,12,-23878.83
3,1,synergy,off,0,13,-23348.83
3,1,synergy,off,0,14,-23934.42
3,1,synergy,off,0,15,-23844.42
3,1,synergy,off,0,16,-23294.42
3,1,synergy,off,0,17,-17712.87
3,1,synergy,off,0,18,-21368.94
3,1,synergy,off,0,19,-21268.94
3,1,synergy,off,0,20,-18393.94
3,1,synergy,off,0,21,-15121.44
3,1,synergy,off,0,22,-4848.94
3,1,synergy,off,0,23,-23497.81
3,1,synergy,off,0,24,-21677.81
3,1,synergy,off,0,25,-17999.33
3,1,synergy,off,0,26,-5776.15
3,1,synergy,off,0,27,4510.58
3,1,synergy,off,0,28,24545.52
3,1,synergy,off,0,29,48383.88
3,1,synergy,off,0,30,52400.63
3,1,synergy,off,0,31,54181.88
3,1,synergy,off,0,32,49136.88
3,1,synergy,off,0,33,173940.78
3,1,synergy,off,0,34,187222.03
3,1,synergy,off,0,35,187812.03
3,1,synergy,off,0,36,80908.03
3,1,synergy,off,0,37,143171.53
3,1,synergy,off,0,38,150332.53
3,1,synergy,off,0,39,165615.53
3,1,synergy,off,0,40,110326.53
3,1,synergy,off,1,1,-24980.00
3,1,synergy,off,1,2,-24946.38
3,1,synergy,off,1,3,-24955.44
3,1,synergy,off,1,4,-24828.04
3,1,synergy,off,1,5,-24450.46
3,1,synergy,off,1,6,-24162.04
3,1,synergy,off,1,7,-24077.04
3,1,synergy,off,1,8,-23846.68
3,1,synergy,off,1,9,-21794.28
3,1,synergy,off,1,10,-20708.96
3,1,synergy,off,1,11,-17024.34
3,1,synergy,off,1,12,-17744.34
3,1,synergy,off,1,13,-14799.34
3,1,synergy,off,1,14,-8992.73
3,1,synergy,off,1,15,-10109.48
3,1,synergy,off,1,16,-18925.10
3,1,synergy,off,1,17,-17475.10
3,1,synergy,off,1,18,-14153.54
3,1,synergy,off,1,19,-13115.36
3,1,synergy,off,1,20,-11765.36
3,1,synergy,off,1,21,4275.54
3,1,synergy,off,1,22,3330.54
3,1,synergy,off,1,23,19911.88
3,1,synergy,off,1,24,11599.38
3,1,synergy,off,1,25,12994.38
3,1,synergy,off,1,26,75184.38
3,1,synergy,off,1,27,76174.38
3,1,synergy,off,1,28,112536.88
3,1,synergy,off,1,29,273691.96
3,1,synergy,off,1,30,376541.96
3,1,synergy,off,1,31,537279.46
3,1,synergy,off,1,32,376029.46
3,1,synergy,off,1,33,379564.46
3,1,synergy,off,1,34,399338.57
3,1,synergy,off,1,35,399333.57
3,1,synergy,off,1,36,397878.57
3,1,synergy,off,1,37,400543.57
3,1,synergy,off,1,38,400683.57
3,1,synergy,off,1,39,388119.01
3,1,synergy,off,1,40,383234.01
3,1,synergy,off,2,1,-24980.00
3,1,synergy,off,2,2,-24979.36
3,1,synergy,off,2,3,-24982.62
3,1,synergy,off,2,4,-24969.55
3,1,synergy,off,2,5,-24939.91
3,1,synergy,off,2,6,-24862.04
3,1,synergy,off,2,7,-24462.03
3,1,synergy,off,2,8,-23768.36
3,1,synergy,off,2,9,-21978.92
3,1,synergy,off,2,10,-22753.78
3,1,synergy,off,2,11,-21715.33
3,1,synergy,off,2,12,-19200.33
3,1,synergy,off,2,13,-21482.43
3,1,synergy,off,2,14,-21207.43
3,1,synergy,off,2,15,-21492.43
3,1,synergy,off,2,16,-21207.43
3,1,synergy,off,2,17,-18502.43
3,1,synergy,off,2,18,-18362.43
3,1,synergy,off,2,19,-18307.43
3,1,synergy,off,2,20,-17167.43
3,1,synergy,off,2,21,-15416.75
3,1,synergy,off,2,22,-15376.75
3,1,synergy,off,2,23,-14866.75
3,1,synergy,off,2,24,-12111.75
3,1,synergy,off,2,25,-6377.27
3,1,synergy,off,2,26,-6148.63
3,1,synergy,off,2,27,-2788.63
3,1,synergy,off,2,28,-7043.63
3,1,synergy,off,2,29,-4308.63
3,1,synergy,off,2,30,-3571.63
3,1,synergy,off,2,31,-3426.63
3,1,synergy,off,2,32,-6126.63
3,1,synergy,off,2,33,9043.17
3,1,synergy,off,2,34,8383.17
3,1,synergy,off,2,35,8328.17
3,1,synergy,off,2,36,-5821.83
3,1,synergy,off,2,37,-4091.83
3,1,synergy,off,2,38,13824.87
3,1,synergy,off,2,39,29565.32
3,1,synergy,off,2,40,9640.32
3,1,synergy,off,3,1,-24980.00
3,1,synergy,off,3,2,-24981.29
3,1,synergy,off,3,3,-24978.56
3,1,synergy,off,3,4,-24952.02
3,1,synergy,off,3,5,-24946.05
3,1,synergy,off,3,6,-24463.68
3,1,synergy,off,3,7,-23610.28
3,1,synergy,off,3,8,-23610.28
3,1,synergy,off,3,9,-23125.28
3,1,synergy,off,3,10,-22166.36
3,1,synergy,off,3,11,-22166.36
3,1,synergy,off,3,12,-21119.96
3,1,synergy,off,3,13,-22748.36
3,1,synergy,off,3,14,-22333.36
3,1,synergy,off,3,15,-20399.52
3,1,synergy,off,3,16,-16706.51
3,1,synergy,off,3,17,-15751.51
3,1,synergy,off,3,18,-15336.51
3,1,synergy,off,3,19,-15132.41
3,1,synergy,off,3,20,-14394.09
3,1,synergy,off,3,21,-11695.65
3,1,synergy,off,3,22,-8031.24
3,1,synergy,off,3,23,-7278.74
3,1,synergy,off,3,24,-8656.24
3,1,synergy,off,3,25,-8086.24
3,1,synergy,off,3,26,-1393.29
3,1,synergy,off,3,27,10841.40
3,1,synergy,off,3,28,-1794.85
3,1,synergy,off,3,29,-1157.35
3,1,synergy,off,3,30,4490.94
3,1,synergy,off,3,31,22255.94
3,1,synergy,off,3,32,21296.47
3,1,synergy,off,3,33,80264.27
3,1,synergy,off,3,34,84796.77
3,1,synergy,off,3,35,132700.20
3,1,synergy,off,3,36,60610.20
3,1,synergy,off,3,37,62827.39
3,1,synergy,off,3,38,67920.20
3,1,synergy,off,3,39,119345.52
3,1,synergy,off,3,40,38589.27
3,1,synergy,off,4,1,-24980.00
3,1,synergy,off,4,2,-24982.91
3,1,synergy,off,4,3,-24985.03
3,1,synergy,off,4,4,-24983.53
3,1,synergy,off,4,5,-24910.70
3,1,synergy,off,4,6,-24910.70
3,1,synergy,off,4,7,-24687.57
3,1,synergy,off,4,8,-23569.02
3,1,synergy,off,4,9,-18734.02
3,1,synergy,off,4,10,-18609.02
3,1,synergy,off,4,11,-17847.77
3,1,synergy,off,4,12,-19964.39
3,1,synergy,off,4,13,-17100.42
3,1,synergy,off,4,14,-13993.21
3,1,synergy,off,4,15,-6800.33
3,1,synergy,off,4,16,-14178.33
3,1,synergy,off,4,17,-13758.96
3,1,synergy,off,4,18,-11287.92
3,1,synergy,off,4,19,-10049.02
3,1,synergy,off,4,20,-5312.21
3,1,synergy,off,4,21,-3367.53
3,1,synergy,off,4,22,14823.72
3,1,synergy,off,4,23,16370.29
3,1,synergy,off,4,24,-3373.71
3,1,synergy,off,4,25,155.04
3,1,synergy,off,4,26,-3004.76
3,1,synergy,off,4,27,-1802.69
3,1,synergy,off,4,28,-489.16
3,1,synergy,off,4,29,-180.97
3,1,synergy,off,4,30,5822.99
3,1,synergy,off,4,31,19384.91
3,1,synergy,off,4,32,18756.16
3,1,synergy,off,4,33,18816.16
3,1,synergy,off,4,34,18791.16
3,1,synergy,off,4,35,20760.29
3,1,synergy,off,4,36,20836.85
3,1,synergy,off,4,37,39579.35
3,1,synergy,off,4,38,66146.54
3,1,synergy,off,4,39,68994.66
3,1,synergy,off,4,40,48796.79
3,1,synergy,off,5,1,-24980.00
3,1,synergy,off,5,2,-24983.05
3,1,synergy,off,5,3,-24967.58
3,1,synergy,off,5,4,-24924.12
3,1,synergy,off,5,5,-24924.12
3,1,synergy,off,5,6,-24775.77
3,1,synergy,off,5,7,-24435.44
3,1,synergy,off,5,8,-23183.40
3,1,synergy,off,5,9,-23178.40
3,1,synergy,off,5,10,-22465.43
3,1,synergy,off,5,11,-21144.18
3,1,synergy,off,5,12,-16318.31
3,1,synergy,off,5,13,-14690.81
3,1,synergy,off,5,14,-14854.74
3,1,synergy,off,5,15,-20571.24
3,1,synergy,off,5,16,-19278.59
3,1,synergy,off,5,17,-13983.96
3,1,synergy,off,5,18,-12398.33
3,1,synergy,off,5,19,-11628.33
3,1,synergy,off,5,20,-20850.33
3,1,synergy,off,5,21,-19973.98
3,1,synergy,off,5,22,-19996.49
3,1,synergy,off,5,23,-15635.71
3,1,synergy,off,5,24,-9816.79
3,1,synergy,off,5,25,58839.90
3,1,synergy,off,5,26,153608.19
3,1,synergy,off,5,27,165910.69
3,1,synergy,off,5,28,131033.19
3,1,synergy,off,5,29,132739.75
3,1,synergy,off,5,30,135440.69
3,1,synergy,off,5,31,134450.69
3,1,synergy,off,5,32,41184.13
3,1,synergy,off,5,33,90603.81
3,1,synergy,off,5,34,39804.06
3,1,synergy,off,5,35,40852.19
3,1,synergy,off,5,36,44768.94
3,1,synergy,off,5,37,50026.96
3,1,synergy,off,5,38,61764.43
3,1,synergy,off,5,39,133228.58
3,1,synergy,off,5,40,107863.04
3,1,synergy,off,6,1,-24980.00
3,1,synergy,off,6,2,-24947.50
3,1,synergy,off,6,3,-24947.50
3,1,synergy,off,6,4,-24947.28
3,1,synergy,off,6,5,-24901.74
3,1,synergy,off,6,6,-24928.47
3,1,synergy,off,6,7,-24938.23
3,1,synergy,off,6,8,-24919.71
3,1,synergy,off,6,9,-24863.29
3,1,synergy,off,6,10,-24843.01
3,1,synergy,off,6,11,-24987.87
3,1,synergy,off,6,12,-24989.38
3,1,synergy,off,6,13,-24994.69
3,1,synergy,off,6,14,-24994.69
3,1,synergy,off,6,15,-24994.69
3,1,synergy,off,6,16,-24994.69
3,1,synergy,off,6,17,-24984.69
3,1,synergy,off,6,18,-24952.81
3,1,synergy,off,6,19,-24992.07
3,1,synergy,off,6,20,-24992.07
3,1,synergy,off,6,21,-24992.07
3,1,synergy,off,6,22,-24985.95
3,1,synergy,off,6,23,-24985.95
3,1,synergy,off,6,24,-24985.95
3,1,synergy,off,6,25,-24973.79
3,1,synergy,off,6,26,-24953.27
3,1,synergy,off,6,27,-24953.42
3,1,synergy,off,6,28,-24789.90
3,1,synergy,off,6,29,-24562.85
3,1,synergy,off,6,30,-24597.36
3,1,synergy,off,6,31,-24464.04
3,1,synergy,off,6,32,-23913.30
3,1,synergy,off,6,33,-22322.33
3,1,synergy,off,6,34,-14872.31
3,1,synergy,off,6,35,-13212.31
3,1,synergy,off,6,36,-18117.31
3,1,synergy,off,6,37,-17892.31
3,1,synergy,off,6,38,-11184.19
3,1,synergy,off,6,39,-10103.51
3,1,synergy,off,6,40,-14933.51
3,1,synergy,off,7,1,-24980.00
3,1,synergy,off,7,2,-24969.28
3,1,synergy,off,7,3,-24972.88
3,1,synergy,off,7,4,-24957.26
3,1,synergy,off,7,5,-24945.92
3,1,synergy,off,7,6,-24868.82
3,1,synergy,off,7,7,-24917.05
3,1,synergy,off,7,8,-24917.71
3,1,synergy,off,7,9,-24788.60
3,1,synergy,off,7,10,-24646.46
3,1,synergy,off,7,11,-24348.83
3,1,synergy,off,7,12,-24115.90
3,1,synergy,off,7,13,-23026.90
3,1,synergy,off,7,14,-22471.90
3,1,synergy,off,7,15,-20071.90
3,1,synergy,off,7,16,-18871.90
3,1,synergy,off,7,17,-15138.95
3,1,synergy,off,7,18,-13487.15
3,1,synergy,off,7,19,-13012.15
3,1,synergy,off,7,20,-17612.15
3,1,synergy,off,7,21,-16337.15
3,1,synergy,off,7,22,-13880.51
3,1,synergy,off,7,23,-18467.64
3,1,synergy,off,7,24,-18342.64
3,1,synergy,off,7,25,-17317.64
3,1,synergy,off,7,26,-16601.02
3,1,synergy,off,7,27,-13071.02
3,1,synergy,off,7,28,-10224.43
3,1,synergy,off,7,29,-12462.31
3,1,synergy,off,7,30,-5152.31
3,1,synergy,off,7,31,-4997.85
3,1,synergy,off,7,32,-5949.81
3,1,synergy,off,7,33,-4634.81
3,1,synergy,off,7,34,-7344.81
3,1,synergy,off,7,35,-11200.81
3,1,synergy,off,7,36,-10879.93
3,1,synergy,off,7,37,-9715.93
3,1,synergy,off,7,38,-4612.57
3,1,synergy,off,7,39,1015.61
3,1,synergy,off,7,40,-2779.80
3,1,synergy,off,8,1,-24980.00
3,1,synergy,off,8,2,-24983.04
3,1,synergy,off,8,3,-24982.92
3,1,synergy,off,8,4,-24976.44
3,1,synergy,off,8,5,-24949.95
3,1,synergy,off,8,6,-24967.58
3,1,synergy,off,8,7,-24950.46
3,1,synergy,off,8,8,-24992.21
3,1,synergy,off,8,9,-24987.05
3,1,synergy,off,8,10,-24986.93
3,1,synergy,off,8,11,-24947.73
3,1,synergy,off,8,12,-24908.73
3,1,synergy,off,8,13,-24882.06
3,1,synergy,off,8,14,-24384.30
3,1,synergy,off,8,15,-24099.30
3,1,synergy,off,8,16,-24104.30
3,1,synergy,off,8,17,-22531.51
3,1,synergy,off,8,18,-21346.06
3,1,synergy,off,8,19,-17950.93
3,1,synergy,off,8,20,-17868.21
3,1,synergy,off,8,21,-15309.66
3,1,synergy,off,8,22,-12366.68
3,1,synergy,off,8,23,520.64
3,1,synergy,off,8,24,4020.25
3,1,synergy,off,8,25,8658.28
3,1,synergy,off,8,26,12638.29
3,1,synergy,off,8,27,13282.91
3,1,synergy,off,8,28,-11155.59
3,1,synergy,off,8,29,-10549.34
3,1,synergy,off,8,30,-3674.34
3,1,synergy,off,8,31,-521.73
3,1,synergy,off,8,32,-9566.73
3,1,synergy,off,8,33,-5538.27
3,1,synergy,off,8,34,-4974.52
3,1,synergy,off,8,35,-430.15
3,1,synergy,off,8,36,-905.15
3,1,synergy,off,8,37,-2705.15
3,1,synergy,off,8,38,6347.98
3,1,synergy,off,8,39,79375.39
3,1,synergy,off,8,40,33640.41
3,1,synergy,off,9,1,-24980.00
3,1,synergy,off,9,2,-24975.26
3,1,synergy,off,9,3,-24983.86
3,1,synergy,off,9,4,-24951.18
3,1,synergy,off,9,5,-24893.32
3,1,synergy,off,9,6,-24660.38
3,1,synergy,off,9,7,-24534.94
3,1,synergy,off,9,8,-24109.98
3,1,synergy,off,9,9,-24049.98
3,1,synergy,off,9,10,-23465.18
3,1,synergy,off,9,11,-24229.54
3,1,synergy,off,9,12,-23303.28
3,1,synergy,off,9,13,-22639.04
3,1,synergy,off,9,14,-20879.01
3,1,synergy,off,9,15,-20758.21
3,1,synergy,off,9,16,-17230.06
3,1,synergy,off,9,17,-17652.80
3,1,synergy,off,9,18,-17617.33
3,1,synergy,off,9,19,-18450.35
3,1,synergy,off,9,20,-16198.69
3,1,synergy,off,9,21,-14983.99
3,1,synergy,off,9,22,-13788.04
3,1,synergy,off,9,23,-10541.90
3,1,synergy,off,9,24,-14113.00
3,1,synergy,off,9,25,-14188.00
3,1,synergy,off,9,26,-14118.00
3,1,synergy,off,9,27,-13258.25
3,1,synergy,off,9,28,-11384.00
3,1,synergy,off,9,29,-7796.73
3,1,synergy,off,9,30,-4759.70
3,1,synergy,off,9,31,-1893.79
3,1,synergy,off,9,32,-4713.29
3,1,synergy,off,9,33,-4060.17
3,1,synergy,off,9,34,-1659.17
3,1,synergy,off,9,35,6405.87
3,1,synergy,off,9,36,11907.65
3,1,synergy,off,9,37,18182.24
3,1,synergy,off,9,38,4162.84
3,1,synergy,off,9,39,5855.97
3,1,synergy,off,9,40,3755.97
3,1,synergy,off,10,1,-24980.00
3,1,synergy,off,10,2,-24973.16
3,1,synergy,off,10,3,-24643.07
3,1,synergy,off,10,4,-24643.07
3,1,synergy,off,10,5,-24421.82
3,1,synergy,off,10,6,-24171.76
3,1,synergy,off,10,7,-24220.04
3,1,synergy,off,10,8,-24044.87
3,1,synergy,off,10,9,-23734.68
3,1,synergy,off,10,10,-23172.68
3,1,synergy,off,10,11,-23188.75
3,1,synergy,off,10,12,-23198.75
3,1,synergy,off,10,13,-22808.75
3,1,synergy,off,10,14,-19111.10
3,1,synergy,off,10,15,-10299.71
3,1,synergy,off,10,16,-16862.24
3,1,synergy,off,10,17,-15447.24
3,1,synergy,off,10,18,-15202.24
3,1,synergy,off,10,19,-13439.40
3,1,synergy,off,10,20,-11892.15
3,1,synergy,off,10,21,-11327.15
3,1,synergy,off,10,22,-7984.93
3,1,synergy,off,10,23,-9432.43
3,1,synergy,off,10,24,-10196.13
3,1,synergy,off,10,25,-5784.88
3,1,synergy,off,10,26,-4183.64
3,1,synergy,off,10,27,-10104.24
3,1,synergy,off,10,28,-7753.86
3,1,synergy,off,10,29,-7316.36
3,1,synergy,off,10,30,3723.79
3,1,synergy,off,10,31,3768.79
3,1,synergy,off,10,32,-6711.21
3,1,synergy,off,10,33,-5548.71
3,1,synergy,off,10,34,-4950.49
3,1,synergy,off,10,35,2938.26
3,1,synergy,off,10,36,535.51
3,1,synergy,off,10,37,2560.47
3,1,synergy,off,10,38,-2394.08
3,1,synergy,off,10,39,3345.92
3,1,synergy,off,10,40,4999.67
3,1,synergy,off,11,1,-24980.00
3,1,synergy,off,11,2,-24968.28
3,1,synergy,off,11,3,-24964.08
3,1,synergy,off,11,4,-24914.64
3,1,synergy,off,11,5,-24824.68
3,1,synergy,off,11,6,-24629.63
3,1,synergy,off,11,7,-24481.07
3,1,synergy,off,11,8,-20924.84
3,1,synergy,off,11,9,-19689.84
3,1,synergy,off,11,10,-19229.84
3,1,synergy,off,11,11,-16355.12
3,1,synergy,off,11,12,-16143.64
3,1,synergy,off,11,13,-12370.15
3,1,synergy,off,11,14,-12367.15
3,1,synergy,off,11,15,-12237.15
3,1,synergy,off,11,16,-14977.15
3,1,synergy,off,11,17,-13597.15
3,1,synergy,off,11,18,-13787.15
3,1,synergy,off,11,19,-12832.49
3,1,synergy,off,11,20,-12542.49
3,1,synergy,off,11,21,-9970.90
3,1,synergy,off,11,22,-12139.09
3,1,synergy,off,11,23,-7447.59
3,1,synergy,off,11,24,-3038.44
3,1,synergy,off,11,25,-2883.44
3,1,synergy,off,11,26,6484.06
3,1,synergy,off,11,27,29042.28
3,1,synergy,off,11,28,27769.29
3,1,synergy,off,11,29,29631.79
3,1,synergy,off,11,30,42606.79
3,1,synergy,off,11,31,64956.80
3,1,synergy,off,11,32,35007.79
3,1,synergy,off,11,33,38947.79
3,1,synergy,off,11,34,44197.79
3,1,synergy,off,11,35,60037.79
3,1,synergy,off,11,36,58817.79
3,1,synergy,off,11,37,56127.79
3,1,synergy,off,11,38,56077.79
3,1,synergy,off,11,39,56577.79
3,1,synergy,off,11,40,79667.79
3,1,synergy,off,12,1,-24980.00
3,1,synergy,off,12,2,-24980.89
3,1,synergy,off,12,3,-24883.17
3,1,synergy,off,12,4,-24725.75
3,1,synergy,off,12,5,-24853.75
3,1,synergy,off,12,6,-24625.46
3,1,synergy,off,12,7,-24103.13
3,1,synergy,off,12,8,-23456.56
3,1,synergy,off,12,9,-20686.93
3,1,synergy,off,12,10,-19422.68
3,1,synergy,off,12,11,-19158.53
3,1,synergy,off,12,12,-18053.56
3,1,synergy,off,12,13,-14791.29
3,1,synergy,off,12,14,-13401.29
3,1,synergy,off,12,15,-21746.83
3,1,synergy,off,12,16,-21586.83
3,1,synergy,off,12,17,-21441.83
3,1,synergy,off,12,18,-18704.09
3,1,synergy,off,12,19,-15128.73
3,1,synergy,off,12,20,-13633.73
3,1,synergy,off,12,21,-14238.73
3,1,synergy,off,12,22,-12098.73
3,1,synergy,off,12,23,-11278.73
3,1,synergy,off,12,24,-15590.09
3,1,synergy,off,12,25,-15755.09
3,1,synergy,off,12,26,-13360.09
3,1,synergy,off,12,27,-6320.09
3,1,synergy,off,12,28,-11020.09
3,1,synergy,off,12,29,-10975.09
3,1,synergy,off,12,30,-10090.09
3,1,synergy,off,12,31,-10260.09
3,1,synergy,off,12,32,-10430.09
3,1,synergy,off,12,33,-10080.09
3,1,synergy,off,12,34,-9782.41
3,1,synergy,off,12,35,-8116.56
3,1,synergy,off,12,36,-2006.39
3,1,synergy,off,12,37,-3702.16
3,1,synergy,off,12,38,-2742.19
3,1,synergy,off,12,39,1093.29
3,1,synergy,off,12,40,-3587.72
3,1,synergy,off,13,1,-24980.00
3,1,synergy,off,13,2,-24978.68
3,1,synergy,off,13,3,-24982.41
3,1,synergy,off,13,4,-24990.33
3,1,synergy,off,13,5,-24990.33
3,1,synergy,off,13,6,-24987.66
3,1,synergy,off,13,7,-24986.48
3,1,synergy,off,13,8,-24989.52
3,1,synergy,off,13,9,-24975.94
3,1,synergy,off,13,10,-24969.26
3,1,synergy,off,13,11,-24960.56
3,1,synergy,off,13,12,-24973.88
3,1,synergy,off,13,13,-24968.61
3,1,synergy,off,13,14,-24955.29
3,1,synergy,off,13,15,-24951.37
3,1,synergy,off,13,16,-24937.84
3,1,synergy,off,13,17,-24698.49
3,1,synergy,off,13,18,-24097.42
3,1,synergy,off,13,19,-24947.55
3,1,synergy,off,13,20,-24947.55
3,1,synergy,off,13,21,-24819.53
3,1,synergy,off,13,22,-24682.39
3,1,synergy,off,13,23,-24582.67
3,1,synergy,off,13,24,-24226.99
3,1,synergy,off,13,25,-23930.83
3,1,synergy,off,13,26,-22769.18
3,1,synergy,off,13,27,-19459.41
3,1,synergy,off,13,28,-19043.34
3,1,synergy,off,13,29,-8942.48
3,1,synergy,off,13,30,48562.63
3,1,synergy,off,13,31,53082.32
3,1,synergy,off,13,32,14014.41
3,1,synergy,off,13,33,19640.66
3,1,synergy,off,13,34,20548.16
3,1,synergy,off,13,35,29520.72
3,1,synergy,off,13,36,35080.75
3,1,synergy,off,13,37,34590.00
3,1,synergy,off,13,38,54901.65
3,1,synergy,off,13,39,63959.29
3,1,synergy,off,13,40,61736.79
3,1,synergy,off,14,1,-24980.00
3,1,synergy,off,14,2,-24987.40
3,1,synergy,off,14,3,-24977.19
3,1,synergy,off,14,4,-24975.97
3,1,synergy,off,14,5,-24968.25
3,1,synergy,off,14,6,-24910.39
3,1,synergy,off,14,7,-24930.39
3,1,synergy,off,14,8,-24260.39
3,1,synergy,off,14,9,-24270.39
3,1,synergy,off,14,10,-23115.39
3,1,synergy,off,14,11,-19784.54
3,1,synergy,off,14,12,-18719.54
3,1,synergy,off,14,13,-17779.42
3,1,synergy,off,14,14,-6373.09
3,1,synergy,off,14,15,-5276.72
3,1,synergy,off,14,16,-9161.97
3,1,synergy,off,14,17,12685.73
3,1,synergy,off,14,18,12728.83
3,1,synergy,off,14,19,12645.07
3,1,synergy,off,14,20,-6448.92
3,1,synergy,off,14,21,-6052.92
3,1,synergy,off,14,22,-3225.36
3,1,synergy,off,14,23,-2799.26
3,1,synergy,off,14,24,-5712.13
3,1,synergy,off,14,25,17651.80
3,1,synergy,off,14,26,14736.80
3,1,synergy,off,14,27,17048.80
3,1,synergy,off,14,28,11918.80
3,1,synergy,off,14,29,18303.80
3,1,synergy,off,14,30,39758.16
3,1,synergy,off,14,31,41212.36
3,1,synergy,off,14,32,46599.91
3,1,synergy,off,14,33,53207.28
3,1,synergy,off,14,34,53222.28
3,1,synergy,off,14,35,53192.28
3,1,synergy,off,14,36,69806.16
3,1,synergy,off,14,37,129346.66
3,1,synergy,off,14,38,139768.66
3,1,synergy,off,14,39,139253.66
3,1,synergy,off,14,40,109628.66
3,1,synergy,off,15,1,-24980.00
3,1,synergy,off,15,2,-24964.07
3,1,synergy,off,15,3,-24967.84
3,1,synergy,off,15,4,-24965.29
3,1,synergy,off,15,5,-24913.63
3,1,synergy,off,15,6,-24813.31
3,1,synergy,off,15,7,-24564.70
3,1,synergy,off,15,8,-24150.70
3,1,synergy,off,15,9,-23780.70
3,1,synergy,off,15,10,-23345.70
3,1,synergy,off,15,11,-22210.70
3,1,synergy,off,15,12,-19367.03
3,1,synergy,off,15,13,-18507.03
3,1,synergy,off,15,14,-11478.65
3,1,synergy,off,15,15,-11653.65
3,1,synergy,off,15,16,-16738.26
3,1,synergy,off,15,17,-16351.11
3,1,synergy,off,15,18,10479.58
3,1,synergy,off,15,19,10649.58
3,1,synergy,off,15,20,-5395.42
3,1,synergy,off,15,21,8154.58
3,1,synergy,off,15,22,8359.58
3,1,synergy,off,15,23,183.41
3,1,synergy,off,15,24,-4416.59
3,1,synergy,off,15,25,1838.41
3,1,synergy,off,15,26,453.41
3,1,synergy,off,15,27,1628.41
3,1,synergy,off,15,28,3880.02
3,1,synergy,off,15,29,7012.42
3,1,synergy,off,15,30,10203.94
3,1,synergy,off,15,31,10469.23
3,1,synergy,off,15,32,10475.27
3,1,synergy,off,15,33,22329.28
3,1,synergy,off,15,34,22691.78
3,1,synergy,off,15,35,27391.78
3,1,synergy,off,15,36,27141.78
3,1,synergy,off,15,37,54861.48
3,1,synergy,off,15,38,56256.48
3,1,synergy,off,15,39,65073.98
3,1,synergy,off,15,40,75061.48
3,1,synergy,off,16,1,-24980.00
3,1,synergy,off,16,2,-24981.07
3,1,synergy,off,16,3,-24962.87
3,1,synergy,off,16,4,-24887.23
3,1,synergy,off,16,5,-24802.49
3,1,synergy,off,16,6,-24893.33
3,1,synergy,off,16,7,-24780.37
3,1,synergy,off,16,8,-24781.22
3,1,synergy,off,16,9,-24650.05
3,1,synergy,off,16,10,-24650.05
3,1,synergy,off,16,11,-24198.17
3,1,synergy,off,16,12,-23885.49
3,1,synergy,off,16,13,-23429.89
3,1,synergy,off,16,14,-22348.13
3,1,synergy,off,16,15,-22473.13
3,1,synergy,off,16,16,-22438.13
3,1,synergy,off,16,17,-22518.13
3,1,synergy,off,16,18,-22558.13
3,1,synergy,off,16,19,-22526.51
3,1,synergy,off,16,20,-21699.98
3,1,synergy,off,16,21,-20354.45
3,1,synergy,off,16,22,-18433.35
3,1,synergy,off,16,23,-14452.75
3,1,synergy,off,16,24,-18818.31
3,1,synergy,off,16,25,-18923.31
3,1,synergy,off,16,26,-18293.31
3,1,synergy,off,16,27,-16462.63
3,1,synergy,off,16,28,-15725.79
3,1,synergy,off,16,29,-11916.37
3,1,synergy,off,16,30,-9737.91
3,1,synergy,off,16,31,-12608.89
3,1,synergy,off,16,32,-11811.20
3,1,synergy,off,16,33,-10592.29
3,1,synergy,off,16,34,-10527.29
3,1,synergy,off,16,35,-9891.20
3,1,synergy,off,16,36,-9283.22
3,1,synergy,off,16,37,-7369.76
3,1,synergy,off,16,38,-12778.69
3,1,synergy,off,16,39,-12275.56
3,1,synergy,off,16,40,-11473.57
3,1,synergy,off,17,1,-24980.00
3,1,synergy,off,17,2,-24978.33
3,1,synergy,off,17,3,-24957.56
3,1,synergy,off,17,4,-24928.58
3,1,synergy,off,17,5,-24809.02
3,1,synergy,off,17,6,-24709.82
3,1,synergy,off,17,7,-24577.51
3,1,synergy,off,17,8,-24977.27
3,1,synergy,off,17,9,-24972.94
3,1,synergy,off,17,10,-24555.39
3,1,synergy,off,17,11,-24453.96
3,1,synergy,off,17,12,-24082.71
3,1,synergy,off,17,13,-24028.83
3,1,synergy,off,17,14,-23820.21
3,1,synergy,off,17,15,-22133.35
3,1,synergy,off,17,16,-19310.79
3,1,synergy,off,17,17,-18319.54
3,1,synergy,off,17,18,-17553.70
3,1,synergy,off,17,19,-15733.67
3,1,synergy,off,17,20,-14857.64
3,1,synergy,off,17,21,-14897.64
3,1,synergy,off,17,22,-9940.76
3,1,synergy,off,17,23,-8971.39
3,1,synergy,off,17,24,-15148.89
3,1,synergy,off,17,25,-13997.64
3,1,synergy,off,17,26,-13306.16
3,1,synergy,off,17,27,-8804.22
3,1,synergy,off,17,28,-7062.27
3,1,synergy,off,17,29,40718.71
3,1,synergy,off,17,30,40723.71
3,1,synergy,off,17,31,42231.21
3,1,synergy,off,17,32,14358.71
3,1,synergy,off,17,33,17399.96
3,1,synergy,off,17,34,22532.77
3,1,synergy,off,17,35,23209.65
3,1,synergy,off,17,36,17949.65
3,1,synergy,off,17,37,20350.27
3,1,synergy,off,17,38,37142.98
3,1,synergy,off,17,39,38574.98
3,1,synergy,off,17,40,34090.60
3,1,synergy,off,18,1,-24980.00
3,1,synergy,off,18,2,-24982.57
3,1,synergy,off,18,3,-24964.13
3,1,synergy,off,18,4,-24973.40
3,1,synergy,off,18,5,-24960.44
3,1,synergy,off,18,6,-24888.57
3,1,synergy,off,18,7,-24834.94
3,1,synergy,off,18,8,-24278.64
3,1,synergy,off,18,9,-24573.10
3,1,synergy,off,18,10,-23516.54
3,1,synergy,off,18,11,-21686.04
3,1,synergy,off,18,12,-22527.78
3,1,synergy,off,18,13,-20861.78
3,1,synergy,off,18,14,-20044.28
3,1,synergy,off,18,15,-17716.78
3,1,synergy,off,18,16,-16204.40
3,1,synergy,off,18,17,-14235.40
3,1,synergy,off,18,18,-13255.40
3,1,synergy,off,18,19,-13855.40
3,1,synergy,off,18,20,-17218.36
3,1,synergy,off,18,21,-16735.98
3,1,synergy,off,18,22,-12155.33
3,1,synergy,off,18,23,-2680.55
3,1,synergy,off,18,24,-11999.30
3,1,synergy,off,18,25,-10788.80
3,1,synergy,off,18,26,-10675.93
3,1,synergy,off,18,27,-8798.66
3,1,synergy,off,18,28,-2551.24
3,1,synergy,off,18,29,-2019.78
3,1,synergy,off,18,30,20616.54
3,1,synergy,off,18,31,21777.09
3,1,synergy,off,18,32,-2521.71
3,1,synergy,off,18,33,993.60
3,1,synergy,off,18,34,5531.10
3,1,synergy,off,18,35,7066.72
3,1,synergy,off,18,36,6731.25
3,1,synergy,off,18,37,23933.97
3,1,synergy,off,18,38,26684.22
3,1,synergy,off,18,39,28148.59
3,1,synergy,off,18,40,3729.69
3,1,synergy,off,19,1,-24980.00
3,1,synergy,off,19,2,-24970.36
3,1,synergy,off,19,3,-24963.38
3,1,synergy,off,19,4,-24935.66
3,1,synergy,off,19,5,-24717.04
3,1,synergy,off,19,6,-24743.44
3,1,synergy,off,19,7,-24016.63
3,1,synergy,off,19,8,-23322.24
3,1,synergy,off,19,9,-22983.19
3,1,synergy,off,19,10,-19689.16
3,1,synergy,off,19,11,-18714.16
3,1,synergy,off,19,12,-18789.16
3,1,synergy,off,19,13,-18289.16
3,1,synergy,off,19,14,-15849.16
3,1,synergy,off,19,15,-9939.16
3,1,synergy,off,19,16,-17164.16
3,1,synergy,off,19,17,-15749.16
3,1,synergy,off,19,18,-12776.62
3,1,synergy,off,19,19,-12596.62
3,1,synergy,off,19,20,-14091.62
3,1,synergy,off,19,21,-13861.62
3,1,synergy,off,19,22,-13516.62
3,1,synergy,off,19,23,-12636.62
3,1,synergy,off,19,24,-12877.14
3,1,synergy,off,19,25,-9916.32
3,1,synergy,off,19,26,-9921.32
3,1,synergy,off,19,27,-8066.32
3,1,synergy,off,19,28,-7844.10
3,1,synergy,off,19,29,-15353.38
3,1,synergy,off,19,30,-15208.38
3,1,synergy,off,19,31,-14761.07
3,1,synergy,off,19,32,-12266.56
3,1,synergy,off,19,33,-12296.56
3,1,synergy,off,19,34,-11278.56
3,1,synergy,off,19,35,-9703.56
3,1,synergy,off,19,36,-8863.25
3,1,synergy,off,19,37,-2944.78
3,1,synergy,off,19,38,2109.96
3,1,synergy,off,19,39,28531.96
3,1,synergy,off,19,40,-6268.04
3,1,synergy,off,20,1,-24980.00
3,1,synergy,off,20,2,-24960.43
3,1,synergy,off,20,3,-24950.66
3,1,synergy,off,20,4,-24881.32
3,1,synergy,off,20,5,-24981.01
3,1,synergy,off,20,6,-24956.18
3,1,synergy,off,20,7,-24972.17
3,1,synergy,off,20,8,-24972.43
3,1,synergy,off,20,9,-24961.61
3,1,synergy,off,20,10,-24952.87
3,1,synergy,off,20,11,-24910.91
3,1,synergy,off,20,12,-24686.67
3,1,synergy,off,20,13,-24106.45
3,1,synergy,off,20,14,-22646.67
3,1,synergy,off,20,15,-19932.67
3,1,synergy,off,20,16,-18518.17
3,1,synergy,off,20,17,-18558.17
3,1,synergy,off,20,18,-18558.17
3,1,synergy,off,20,19,-17484.92
3,1,synergy,off,20,20,-15978.42
3,1,synergy,off,20,21,-13257.49
3,1,synergy,off,20,22,-10577.99
3,1,synergy,off,20,23,-9186.74
3,1,synergy,off,20,24,-8174.74
3,1,synergy,off,20,25,-2345.74
3,1,synergy,off,20,26,1673.51
3,1,synergy,off,20,27,5796.26
3,1,synergy,off,20,28,6436.43
3,1,synergy,off,20,29,21698.36
3,1,synergy,off,20,30,34527.46
3,1,synergy,off,20,31,36258.21
3,1,synergy,off,20,32,-665.54
3,1,synergy,off,20,33,606.21
3,1,synergy,off,20,34,9116.91
3,1,synergy,off,20,35,12432.01
3,1,synergy,off,20,36,9398.14
3,1,synergy,off,20,37,4544.18
3,1,synergy,off,20,38,4985.18
3,1,synergy,off,20,39,4615.18
3,1,synergy,off,20,40,5707.93
3,1,synergy,off,21,1,-24980.00
3,1,synergy,off,21,2,-24968.36
3,1,synergy,off,21,3,-24941.68
3,1,synergy,off,21,4,-24923.98
3,1,synergy,off,21,5,-24704.25
3,1,synergy,off,21,6,-24638.63
3,1,synergy,off,21,7,-24569.74
3,1,synergy,off,21,8,-24297.66
3,1,synergy,off,21,9,-24292.66
3,1,synergy,off,21,10,-24087.60
3,1,synergy,off,21,11,-23883.12
3,1,synergy,off,21,12,-23217.99
3,1,synergy,off,21,13,-21683.95
3,1,synergy,off,21,14,-18121.31
3,1,synergy,off,21,15,-15205.92
3,1,synergy,off,21,16,-16377.75
3,1,synergy,off,21,17,-16544.68
3,1,synergy,off,21,18,-16046.67
3,1,synergy,off,21,19,-13770.51
3,1,synergy,off,21,20,-12666.74
3,1,synergy,off,21,21,-9277.35
3,1,synergy,off,21,22,-9370.26
3,1,synergy,off,21,23,-8610.62
3,1,synergy,off,21,24,-11531.68
3,1,synergy,off,21,25,-7491.03
3,1,synergy,off,21,26,-6318.03
3,1,synergy,off,21,27,2051.30
3,1,synergy,off,21,28,793.86
3,1,synergy,off,21,29,2153.86
3,1,synergy,off,21,30,19780.36
3,1,synergy,off,21,31,42112.71
3,1,synergy,off,21,32,30782.86
3,1,synergy,off,21,33,31640.61
3,1,synergy,off,21,34,48988.99
3,1,synergy,off,21,35,50215.69
3,1,synergy,off,21,36,43940.69
3,1,synergy,off,21,37,43260.69
3,1,synergy,off,21,38,41241.73
3,1,synergy,off,21,39,45933.48
3,1,synergy,off,21,40,46623.60
3,1,synergy,off,22,1,-24980.00
3,1,synergy,off,22,2,-24970.39
3,1,synergy,off,22,3,-24957.43
3,1,synergy,off,22,4,-24487.36
3,1,synergy,off,22,5,-24442.56
3,1,synergy,off,22,6,-23407.56
3,1,synergy,off,22,7,-22782.56
3,1,synergy,off,22,8,-22202.56
3,1,synergy,off,22,9,-22667.56
3,1,synergy,off,22,10,-22197.56
3,1,synergy,off,22,11,-21722.56
3,1,synergy,off,22,12,-19414.24
3,1,synergy,off,22,13,-18946.12
3,1,synergy,off,22,14,-14153.02
3,1,synergy,off,22,15,-15854.80
3,1,synergy,off,22,16,-19591.10
3,1,synergy,off,22,17,-19416.10
3,1,synergy,off,22,18,-18840.97
3,1,synergy,off,22,19,-18160.25
3,1,synergy,off,22,20,-17483.00
3,1,synergy,off,22,21,-16551.61
3,1,synergy,off,22,22,-19128.00
3,1,synergy,off,22,23,-18590.50
3,1,synergy,off,22,24,-17632.72
3,1,synergy,off,22,25,-17652.72
3,1,synergy,off,22,26,-17712.72
3,1,synergy,off,22,27,-17738.70
3,1,synergy,off,22,28,-17030.54
3,1,synergy,off,22,29,-15427.42
3,1,synergy,off,22,30,-13429.89
3,1,synergy,off,22,31,232.78
3,1,synergy,off,22,32,-10557.22
3,1,synergy,off,22,33,-8434.84
3,1,synergy,off,22,34,-8589.92
3,1,synergy,off,22,35,-1789.55
3,1,synergy,off,22,36,-5550.69
3,1,synergy,off,22,37,-5530.69
3,1,synergy,off,22,38,-5029.36
3,1,synergy,off,22,39,-2296.11
3,1,synergy,off,22,40,7139.66
3,1,synergy,off,23,1,-24980.00
3,1,synergy,off,23,2,-24979.81
3,1,synergy,off,23,3,-24853.62
3,1,synergy,off,23,4,-24754.56
3,1,synergy,off,23,5,-24728.83
3,1,synergy,off,23,6,-24863.87
3,1,synergy,off,23,7,-24607.73
3,1,synergy,off,23,8,-24348.01
3,1,synergy,off,23,9,-24198.69
3,1,synergy,off,23,10,-23920.37
3,1,synergy,off,23,11,-20235.37
3,1,synergy,off,23,12,-17755.37
3,1,synergy,off,23,13,-11034.51
3,1,synergy,off,23,14,-16266.89
3,1,synergy,off,23,15,-16351.89
3,1,synergy,off,23,16,-14156.89
3,1,synergy,off,23,17,-11698.55
3,1,synergy,off,23,18,-11348.55
3,1,synergy,off,23,19,-9820.28
3,1,synergy,off,23,20,-4982.90
3,1,synergy,off,23,21,2462.10
3,1,synergy,off,23,22,9699.76
3,1,synergy,off,23,23,18877.80
3,1,synergy,off,23,24,7108.80
3,1,synergy,off,23,25,10298.80
3,1,synergy,off,23,26,13459.50
3,1,synergy,off,23,27,15266.50
3,1,synergy,off,23,28,15643.68
3,1,synergy,off,23,29,16108.68
3,1,synergy,off,23,30,16338.68
3,1,synergy,off,23,31,21148.68
3,1,synergy,off,23,32,21054.49
3,1,synergy,off,23,33,36410.59
3,1,synergy,off,23,34,44760.59
3,1,synergy,off,23,35,44620.59
3,1,synergy,off,23,36,45385.59
3,1,synergy,off,23,37,88648.14
3,1,synergy,off,23,38,97366.27
3,1,synergy,off,23,39,92047.83
3,1,synergy,off,23,40,41755.34
3,1,synergy,off,24,1,-24980.00
3,1,synergy,off,24,2,-24968.70
3,1,synergy,off,24,3,-24969.02
3,1,synergy,off,24,4,-24942.70
3,1,synergy,off,24,5,-24942.42
3,1,synergy,off,24,6,-24868.78
3,1,synergy,off,24,7,-24196.56
3,1,synergy,off,24,8,-23486.62
3,1,synergy,off,24,9,-21385.12
3,1,synergy,off,24,10,-20799.92
3,1,synergy,off,24,11,-18044.92
3,1,synergy,off,24,12,-20968.15
3,1,synergy,off,24,13,-20883.15
3,1,synergy,off,24,14,-20133.15
3,1,synergy,off,24,15,-19071.45
3,1,synergy,off,24,16,-19036.45
3,1,synergy,off,24,17,-18881.45
3,1,synergy,off,24,18,-18164.06
3,1,synergy,off,24,19,-16626.56
3,1,synergy,off,24,20,-14828.58
3,1,synergy,off,24,21,6164.67
3,1,synergy,off,24,22,40677.18
3,1,synergy,off,24,23,19177.86
3,1,synergy,off,24,24,-6909.64
3,1,synergy,off,24,25,1797.86
3,1,synergy,off,24,26,5176.22
3,1,synergy,off,24,27,7372.01
3,1,synergy,off,24,28,37116.63
3,1,synergy,off,24,29,53782.02
3,1,synergy,off,24,30,57188.27
3,1,synergy,off,24,31,56968.27
3,1,synergy,off,24,32,21953.27
3,1,synergy,off,24,33,22779.52
3,1,synergy,off,24,34,21802.13
3,1,synergy,off,24,35,21802.13
3,1,synergy,off,24,36,21809.53
3,1,synergy,off,24,37,21956.73
3,1,synergy,off,24,38,23567.75
3,1,synergy,off,24,39,27461.76
3,1,synergy,off,24,40,33319.76
3,1,synergy,off,25,1,-24980.00
3,1,synergy,off,25,2,-24915.92
3,1,synergy,off,25,3,-24778.22
3,1,synergy,off,25,4,-24778.22
3,1,synergy,off,25,5,-24576.40
3,1,synergy,off,25,6,-24148.77
3,1,synergy,off,25,7,-23853.77
3,1,synergy,off,25,8,-23505.17
3,1,synergy,off,25,9,-20229.41
3,1,synergy,off,25,10,-19379.41
3,1,synergy,off,25,11,-19499.41
3,1,synergy,off,25,12,-18605.41
3,1,synergy,off,25,13,-18155.41
3,1,synergy,off,25,14,-18310.41
3,1,synergy,off,25,15,-17450.41
3,1,synergy,off,25,16,-13916.06
3,1,synergy,off,25,17,-8947.96
3,1,synergy,off,25,18,-7732.96
3,1,synergy,off,25,19,-7372.96
3,1,synergy,off,25,20,-8332.96
3,1,synergy,off,25,21,-6972.96
3,1,synergy,off,25,22,-501.67
3,1,synergy,off,25,23,2915.89
3,1,synergy,off,25,24,-10194.11
3,1,synergy,off,25,25,-1849.11
3,1,synergy,off,25,26,3980.89
3,1,synergy,off,25,27,1500.89
3,1,synergy,off,25,28,-753.11
3,1,synergy,off,25,29,1316.89
3,1,synergy,off,25,30,20801.89
3,1,synergy,off,25,31,21826.89
3,1,synergy,off,25,32,8061.89
3,1,synergy,off,25,33,125040.56
3,1,synergy,off,25,34,126506.81
3,1,synergy,off,25,35,129928.06
3,1,synergy,off,25,36,42253.68
3,1,synergy,off,25,37,19149.16
3,1,synergy,off,25,38,23866.66
3,1,synergy,off,25,39,22856.66
3,1,synergy,off,25,40,19578.77
3,1,synergy,off,26,1,-24980.00
3,1,synergy,off,26,2,-24971.15
3,1,synergy,off,26,3,-24851.47
3,1,synergy,off,26,4,-24452.06
3,1,synergy,off,26,5,-24382.06
3,1,synergy,off,26,6,-23984.24
3,1,synergy,off,26,7,-24087.14
3,1,synergy,off,26,8,-24985.46
3,1,synergy,off,26,9,-24972.75
3,1,synergy,off,26,10,-24975.70
3,1,synergy,off,26,11,-24868.57
3,1,synergy,off,26,12,-24709.81
3,1,synergy,off,26,13,-24549.62
3,1,synergy,off,26,14,-24266.42
3,1,synergy,off,26,15,-24207.33
3,1,synergy,off,26,16,-23408.61
3,1,synergy,off,26,17,-22822.99
3,1,synergy,off,26,18,-21689.03
3,1,synergy,off,26,19,-21366.47
3,1,synergy,off,26,20,-20055.65
3,1,synergy,off,26,21,-23596.12
3,1,synergy,off,26,22,-23190.11
3,1,synergy,off,26,23,-22209.31
3,1,synergy,off,26,24,-20048.65
3,1,synergy,off,26,25,-19893.65
3,1,synergy,off,26,26,-19648.52
3,1,synergy,off,26,27,-19177.82
3,1,synergy,off,26,28,-17291.46
3,1,synergy,off,26,29,-16443.99
3,1,synergy,off,26,30,-11406.32
3,1,synergy,off,26,31,-19691.64
3,1,synergy,off,26,32,-19587.77
3,1,synergy,off,26,33,-19350.80
3,1,synergy,off,26,34,-18493.12
3,1,synergy,off,26,35,-18494.04
3,1,synergy,off,26,36,-17771.38
3,1,synergy,off,26,37,-16464.86
3,1,synergy,off,26,38,-16474.86
3,1,synergy,off,26,39,-13534.86
3,1,synergy,off,26,40,-15389.86
3,1,synergy,off,27,1,-24980.00
3,1,synergy,off,27,2,-24961.75
3,1,synergy,off,27,3,-24952.39
3,1,synergy,off,27,4,-24926.52
3,1,synergy,off,27,5,-24825.52
3,1,synergy,off,27,6,-24811.93
3,1,synergy,off,27,7,-24664.08
3,1,synergy,off,27,8,-24373.48
3,1,synergy,off,27,9,-23703.80
3,1,synergy,off,27,10,-23503.80
3,1,synergy,off,27,11,-22912.51
3,1,synergy,off,27,12,-21517.51
3,1,synergy,off,27,13,-19544.68
3,1,synergy,off,27,14,-19033.10
3,1,synergy,off,27,15,-18878.10
3,1,synergy,off,27,16,-15738.64
3,1,synergy,off,27,17,-15407.77
3,1,synergy,off,27,18,-15492.77
3,1,synergy,off,27,19,-14761.53
3,1,synergy,off,27,20,-12858.23
3,1,synergy,off,27,21,-9649.33
3,1,synergy,off,27,22,-8346.51
3,1,synergy,off,27,23,-5645.44
3,1,synergy,off,27,24,-10301.42
3,1,synergy,off,27,25,-1361.89
3,1,synergy,off,27,26,-1083.83
3,1,synergy,off,27,27,3760.62
3,1,synergy,off,27,28,-6180.26
3,1,synergy,off,27,29,-1498.63
3,1,synergy,off,27,30,1597.37
3,1,synergy,off,27,31,-6056.52
3,1,synergy,off,27,32,-4298.90
3,1,synergy,off,27,33,18680.10
3,1,synergy,off,27,34,20340.98
3,1,synergy,off,27,35,29829.85
3,1,synergy,off,27,36,12290.70
3,1,synergy,off,27,37,11996.86
3,1,synergy,off,27,38,10333.17
3,1,synergy,off,27,39,12238.77
3,1,synergy,off,27,40,3536.93
3,1,synergy,off,28,1,-24980.00
3,1,synergy,off,28,2,-24954.00
3,1,synergy,off,28,3,-24954.00
3,1,synergy,off,28,4,-24950.06
3,1,synergy,off,28,5,-24898.78
3,1,synergy,off,28,6,-24837.04
3,1,synergy,off,28,7,-24985.92
3,1,synergy,off,28,8,-24981.78
3,1,synergy,off,28,9,-24958.59
3,1,synergy,off,28,10,-24842.72
3,1,synergy,off,28,11,-24756.02
3,1,synergy,off,28,12,-24672.17
3,1,synergy,off,28,13,-24387.17
3,1,synergy,off,28,14,-23496.70
3,1,synergy,off,28,15,-23554.90
3,1,synergy,off,28,16,-21718.20
3,1,synergy,off,28,17,-20111.72
3,1,synergy,off,28,18,-19976.72
3,1,synergy,off,28,19,-17493.98
3,1,synergy,off,28,20,-18273.98
3,1,synergy,off,28,21,-17838.98
3,1,synergy,off,28,22,-15369.36
3,1,synergy,off,28,23,-6744.36
3,1,synergy,off,28,24,-11419.36
3,1,synergy,off,28,25,-5549.36
3,1,synergy,off,28,26,-5584.36
3,1,synergy,off,28,27,-5074.36
3,1,synergy,off,28,28,-4299.36
3,1,synergy,off,28,29,-2214.36
3,1,synergy,off,28,30,1500.64
3,1,synergy,off,28,31,6320.41
3,1,synergy,off,28,32,-174.43
3,1,synergy,off,28,33,7554.95
3,1,synergy,off,28,34,11234.95
3,1,synergy,off,28,35,17832.18
3,1,synergy,off,28,36,16487.18
3,1,synergy,off,28,37,26105.28
3,1,synergy,off,28,38,32573.12
3,1,synergy,off,28,39,33477.30
3,1,synergy,off,28,40,22393.60
3,1,synergy,off,29,1,-24980.00
3,1,synergy,off,29,2,-24920.94
3,1,synergy,off,29,3,-24867.62
3,1,synergy,off,29,4,-24870.39
3,1,synergy,off,29,5,-24435.35
3,1,synergy,off,29,6,-23109.97
3,1,synergy,off,29,7,-23179.97
3,1,synergy,off,29,8,-23446.49
3,1,synergy,off,29,9,-21855.11
3,1,synergy,off,29,10,-22098.80
3,1,synergy,off,29,11,-20242.39
3,1,synergy,off,29,12,-19894.73
3,1,synergy,off,29,13,-11046.01
3,1,synergy,off,29,14,-9055.39
3,1,synergy,off,29,15,4733.09
3,1,synergy,off,29,16,-14580.91
3,1,synergy,off,29,17,-12472.47
3,1,synergy,off,29,18,-10207.79
3,1,synergy,off,29,19,-3540.08
3,1,synergy,off,29,20,-4054.77
3,1,synergy,off,29,21,-2659.75
3,1,synergy,off,29,22,6382.67
3,1,synergy,off,29,23,6820.36
3,1,synergy,off,29,24,-1421.50
3,1,synergy,off,29,25,9176.00
3,1,synergy,off,29,26,15147.91
3,1,synergy,off,29,27,16710.92
3,1,synergy,off,29,28,4598.23
3,1,synergy,off,29,29,4523.23
3,1,synergy,off,29,30,4003.23
3,1,synergy,off,29,31,7634.17
3,1,synergy,off,29,32,11590.62
3,1,synergy,off,29,33,31706.08
3,1,synergy,off,29,34,36503.62
3,1,synergy,off,29,35,62492.46
3,1,synergy,off,29,36,28404.96
3,1,synergy,off,29,37,30398.71
3,1,synergy,off,29,38,8138.76
3,1,synergy,off,29,39,8259.08
3,1,synergy,off,29,40,9164.31
6,1,synergy,off,0,1,-174980.00
6,1,synergy,off,0,2,-174981.11
6,1,synergy,off,0,3,-174981.05
6,1,synergy,off,0,4,-174955.49
6,1,synergy,off,0,5,-174957.65
6,1,synergy,off,0,6,-174930.23
6,1,synergy,off,0,7,-174983.54
6,1,synergy,off,0,8,-174974.26
6,1,synergy,off,0,9,-174966.67
6,1,synergy,off,0,10,-174966.67
6,1,synergy,off,0,11,-174948.29
6,1,synergy,off,0,12,-174957.51
6,1,synergy,off,0,13,-174833.70
6,1,synergy,off,0,14,-174823.12
6,1,synergy,off,0,15,-174357.19
6,1,synergy,off,0,16,-174415.39
6,1,synergy,off,0,17,-171852.26
6,1,synergy,off,0,18,-162136.73
6,1,synergy,off,0,19,-159617.42
6,1,synergy,off,0,20,-141705.40
6,1,synergy,off,0,21,-132395.71
6,1,synergy,off,0,22,-132510.71
6,1,synergy,off,0,23,-132565.71
6,1,synergy,off,0,24,-113909.36
6,1,synergy,off,0,25,-53798.70
6,1,synergy,off,0,26,58909.07
6,1,synergy,off,0,27,60681.89
6,1,synergy,off,0,28,-63039.36
6,1,synergy,off,0,29,17199.89
6,1,synergy,off,0,30,26891.39
6,1,synergy,off,0,31,25211.39
6,1,synergy,off,0,32,16498.64
6,1,synergy,off,0,33,21181.55
6,1,synergy,off,0,34,23411.17
6,1,synergy,off,0,35,40057.57
6,1,synergy,off,0,36,75567.84
6,1,synergy,off,0,37,83452.24
6,1,synergy,off,0,38,93376.49
6,1,synergy,off,0,39,280482.92
6,1,synergy,off,0,40,217848.48
6,1,synergy,off,1,1,-174980.00
6,1,synergy,off,1,2,-174978.93
6,1,synergy,off,1,3,-174972.25
6,1,synergy,off,1,4,-174972.25
6,1,synergy,off,1,5,-174954.67
6,1,synergy,off,1,6,-174729.17
6,1,synergy,off,1,7,-173803.13
6,1,synergy,off,1,8,-174888.20
6,1,synergy,off,1,9,-174503.45
6,1,synergy,off,1,10,-174026.27
6,1,synergy,off,1,11,-173475.84
6,1,synergy,off,1,12,-168743.85
6,1,synergy,off,1,13,-167958.85
6,1,synergy,off,1,14,-167628.85
6,1,synergy,off,1,15,-168393.15
6,1,synergy,off,1,16,-165698.15
6,1,synergy,off,1,17,-161688.59
6,1,synergy,off,1,18,-161488.59
6,1,synergy,off,1,19,-161148.59
6,1,synergy,off,1,20,-161158.59
6,1,synergy,off,1,21,-159938.59
6,1,synergy,off,1,22,-159748.59
6,1,synergy,off,1,23,-157228.59
6,1,synergy,off,1,24,-140837.39
6,1,synergy,off,1,25,-122567.47
6,1,synergy,off,1,26,-129948.63
6,1,synergy,off,1,27,-110888.63
6,1,synergy,off,1,28,-103618.63
6,1,synergy,off,1,29,-102279.88
6,1,synergy,off,1,30,-25135.73
6,1,synergy,off,1,31,5814.89
6,1,synergy,off,1,32,397849.10
6,1,synergy,off,1,33,429850.62
6,1,synergy,off,1,34,429900.50
6,1,synergy,off,1,35,431028.46
6,1,synergy,off,1,36,425002.84
6,1,synergy,off,1,37,426929.09
6,1,synergy,off,1,38,443000.34
6,1,synergy,off,1,39,501663.59
6,1,synergy,off,1,40,423787.89
6,1,synergy,off,2,1,-174980.00
6,1,synergy,off,2,2,-174980.00
6,1,synergy,off,2,3,-174983.38
6,1,synergy,off,2,4,-174959.78
6,1,synergy,off,2,5,-174959.78
6,1,synergy,off,2,6,-174955.88
6,1,synergy,off,2,7,-174967.67
6,1,synergy,off,2,8,-174986.45
6,1,synergy,off,2,9,-174981.45
6,1,synergy,off,2,10,-174981.45
6,1,synergy,off,2,11,-174977.62
6,1,synergy,off,2,12,-174977.62
6,1,synergy,off,2,13,-174977.62
6,1,synergy,off,2,14,-174978.81
6,1,synergy,off,2,15,-174991.09
6,1,synergy,off,2,16,-174991.09
6,1,synergy,off,2,17,-174981.09
6,1,synergy,off,2,18,-174981.09
6,1,synergy,off,2,19,-174972.72
6,1,synergy,off,2,20,-174972.72
6,1,synergy,off,2,21,-174986.36
6,1,synergy,off,2,22,-174986.36
6,1,synergy,off,2,23,-174986.36
6,1,synergy,off,2,24,-174986.36
6,1,synergy,off,2,25,-174976.36
6,1,synergy,off,2,26,-174976.36
6,1,synergy,off,2,27,-174981.72
6,1,synergy,off,2,28,-174985.40
6,1,synergy,off,2,29,-174985.40
6,1,synergy,off,2,30,-174700.50
6,1,synergy,off,2,31,-174232.60
6,1,synergy,off,2,32,-173857.91
6,1,synergy,off,2,33,-170323.83
6,1,synergy,off,2,34,-168718.83
6,1,synergy,off,2,35,-159075.20
6,1,synergy,off,2,36,-165479.12
6,1,synergy,off,2,37,-165444.12
6,1,synergy,off,2,38,-165244.12
6,1,synergy,off,2,39,-149108.16
6,1,synergy,off,2,40,-164558.16
6,1,synergy,off,3,1,-174980.00
6,1,synergy,off,3,2,-174981.92
6,1,synergy,off,3,3,-174976.78
6,1,synergy,off,3,4,-174986.34
6,1,synergy,off,3,5,-174972.96
6,1,synergy,off,3,6,-174972.96
6,1,synergy,off,3,7,-174973.37
6,1,synergy,off,3,8,-174978.41
6,1,synergy,off,3,9,-174956.95
6,1,synergy,off,3,10,-174963.05
6,1,synergy,off,3,11,-174960.85
6,1,synergy,off,3,12,-174959.70
6,1,synergy,off,3,13,-174936.41
6,1,synergy,off,3,14,-174927.75
6,1,synergy,off,3,15,-174896.66
6,1,synergy,off,3,16,-174326.66
6,1,synergy,off,3,17,-173302.29
6,1,synergy,off,3,18,-171340.14
6,1,synergy,off,3,19,-171035.14
6,1,synergy,off,3,20,-173055.74
6,1,synergy,off,3,21,-171404.62
6,1,synergy,off,3,22,-171054.62
6,1,synergy,off,3,23,-166459.62
6,1,synergy,off,3,24,-168604.62
6,1,synergy,off,3,25,-164452.43
6,1,synergy,off,3,26,-162406.68
6,1,synergy,off,3,27,-160036.74
6,1,synergy,off,3,28,-160037.01
6,1,synergy,off,3,29,-166059.85
6,1,synergy,off,3,30,-161026.25
6,1,synergy,off,3,31,-158467.46
6,1,synergy,off,3,32,-158377.86
6,1,synergy,off,3,33,-144227.87
6,1,synergy,off,3,34,-143781.57
6,1,synergy,off,3,35,-123519.29
6,1,synergy,off,3,36,-138333.84
6,1,synergy,off,3,37,-136188.84
6,1,synergy,off,3,38,-117953.40
6,1,synergy,off,3,39,-108545.26
6,1,synergy,off,3,40,-117651.14
6,1,synergy,off,4,1,-174980.00
6,1,synergy,off,4,2,-174980.00
6,1,synergy,off,4,3,-174689.00
6,1,synergy,off,4,4,-174689.00
6,1,synergy,off,4,5,-174559.04
6,1,synergy,off,4,6,-174184.85
6,1,synergy,off,4,7,-174039.85
6,1,synergy,off,4,8,-172061.33
6,1,synergy,off,4,9,-172066.33
6,1,synergy,off,4,10,-171756.33
6,1,synergy,off,4,11,-172346.33
6,1,synergy,off,4,12,-172346.27
6,1,synergy,off,4,13,-172320.88
6,1,synergy,off,4,14,-172236.36
6,1,synergy,off,4,15,-171969.82
6,1,synergy,off,4,16,-171417.47
6,1,synergy,off,4,17,-169906.05
6,1,synergy,off,4,18,-167604.39
6,1,synergy,off,4,19,-159465.89
6,1,synergy,off,4,20,-164700.89
6,1,synergy,off,4,21,-161752.51
6,1,synergy,off,4,22,-160000.76
6,1,synergy,off,4,23,-154794.51
6,1,synergy,off,4,24,-163250.42
6,1,synergy,off,4,25,-143666.05
6,1,synergy,off,4,26,-140934.30
6,1,synergy,off,4,27,-124112.43
6,1,synergy,off,4,28,-154299.06
6,1,synergy,off,4,29,-153388.04
6,1,synergy,off,4,30,-152595.04
6,1,synergy,off,4,31,-147338.17
6,1,synergy,off,4,32,-132484.20
6,1,synergy,off,4,33,-126307.95
6,1,synergy,off,4,34,-124300.45
6,1,synergy,off,4,35,-89724.12
6,1,synergy,off,4,36,-98782.08
6,1,synergy,off,4,37,-97309.58
6,1,synergy,off,4,38,-87770.29
6,1,synergy,off,4,39,74790.39
6,1,synergy,off,4,40,-92992.84
6,1,synergy,off,5,1,-174980.00
6,1,synergy,off,5,2,-174980.00
6,1,synergy,off,5,3,-174980.00
6,1,synergy,off,5,4,-174980.86
6,1,synergy,off,5,5,-174688.64
6,1,synergy,off,5,6,-174513.64
6,1,synergy,off,5,7,-174346.80
6,1,synergy,off,5,8,-173593.12
6,1,synergy,off,5,9,-171284.84
6,1,synergy,off,5,10,-168844.84
6,1,synergy,off,5,11,-162688.30
6,1,synergy,off,5,12,-166099.78
6,1,synergy,off,5,13,-165784.78
6,1,synergy,off,5,14,-166384.78
6,1,synergy,off,5,15,-166364.78
6,1,synergy,off,5,16,-160269.78
6,1,synergy,off,5,17,-148500.44
6,1,synergy,off,5,18,-149091.85
6,1,synergy,off,5,19,-146867.14
6,1,synergy,off,5,20,-158906.35
6,1,synergy,off,5,21,-155957.92
6,1,synergy,off,5,22,-154568.54
6,1,synergy,off,5,23,-128956.98
6,1,synergy,off,5,24,-128726.04
6,1,synergy,off,5,25,-132022.96
6,1,synergy,off,5,26,-110242.59
6,1,synergy,off,5,27,-110630.82
6,1,synergy,off,5,28,-108027.13
6,1,synergy,off,5,29,-89155.18
6,1,synergy,off,5,30,9525.58
6,1,synergy,off,5,31,15087.77
6,1,synergy,off,5,32,-69622.55
6,1,synergy,off,5,33,124692.14
6,1,synergy,off,5,34,135646.83
6,1,synergy,off,5,35,136668.08
6,1,synergy,off,5,36,640676.82
6,1,synergy,off,5,37,646084.32
6,1,synergy,off,5,38,2838233.07
6,1,synergy,off,5,39,2837943.07
6,1,synergy,off,5,40,2800443.07
6,1,synergy,off,6,1,-174980.00
6,1,synergy,off,6,2,-174980.00
6,1,synergy,off,6,3,-174942.27
6,1,synergy,off,6,4,-174904.47
6,1,synergy,off,6,5,-174912.11
6,1,synergy,off,6,6,-174860.04
6,1,synergy,off,6,7,-174794.01
6,1,synergy,off,6,8,-174472.51
6,1,synergy,off,6,9,-174387.51
6,1,synergy,off,6,10,-173796.62
6,1,synergy,off,6,11,-173746.51
6,1,synergy,off,6,12,-172826.93
6,1,synergy,off,6,13,-172213.22
6,1,synergy,off,6,14,-169595.22
6,1,synergy,off,6,15,-163148.74
6,1,synergy,off,6,16,-160542.28
6,1,synergy,off,6,17,-144420.63
6,1,synergy,off,6,18,-144420.63
6,1,synergy,off,6,19,-143000.63
6,1,synergy,off,6,20,-147897.75
6,1,synergy,off,6,21,-134835.51
6,1,synergy,off,6,22,-128660.51
6,1,synergy,off,6,23,-128055.51
6,1,synergy,off,6,24,-132478.99
6,1,synergy,off,6,25,-127940.79
6,1,synergy,off,6,26,-123546.83
6,1,synergy,off,6,27,-124963.23
6,1,synergy,off,6,28,-120151.63
6,1,synergy,off,6,29,-119670.38
6,1,synergy,off,6,30,-119805.38
6,1,synergy,off,6,31,-120085.38
6,1,synergy,off,6,32,-108166.41
6,1,synergy,off,6,33,-108101.41
6,1,synergy,off,6,34,-107255.79
6,1,synergy,off,6,35,-108392.32
6,1,synergy,off,6,36,-107864.58
6,1,synergy,off,6,37,-106524.01
6,1,synergy,off,6,38,-104585.26
6,1,synergy,off,6,39,-100990.99
6,1,synergy,off,6,40,-90151.82
6,1,synergy,off,7,1,-174980.00
6,1,synergy,off,7,2,-174976.01
6,1,synergy,off,7,3,-174963.77
6,1,synergy,off,7,4,-174981.39
6,1,synergy,off,7,5,-174868.29
6,1,synergy,off,7,6,-174421.67
6,1,synergy,off,7,7,-173911.98
6,1,synergy,off,7,8,-173911.98
6,1,synergy,off,7,9,-171327.19
6,1,synergy,off,7,10,-170997.19
6,1,synergy,off,7,11,-170492.19
6,1,synergy,off,7,12,-170072.19
6,1,synergy,off,7,13,-169187.19
6,1,synergy,off,7,14,-168707.19
6,1,synergy,off,7,15,-165394.06
6,1,synergy,off,7,16,-166698.09
6,1,synergy,off,7,17,-166688.09
6,1,synergy,off,7,18,-166677.20
6,1,synergy,off,7,19,-166325.64
6,1,synergy,off,7,20,-166283.72
6,1,synergy,off,7,21,-165701.93
6,1,synergy,off,7,22,-165696.17
6,1,synergy,off,7,23,-164971.92
6,1,synergy,off,7,24,-162351.65
6,1,synergy,off,7,25,-159047.40
6,1,synergy,off,7,26,-157699.87
6,1,synergy,off,7,27,-150800.72
6,1,synergy,off,7,28,-148650.13
6,1,synergy,off,7,29,-146232.47
6,1,synergy,off,7,30,-144894.71
6,1,synergy,off,7,31,-145383.44
6,1,synergy,off,7,32,-156578.03
6,1,synergy,off,7,33,-153093.76
6,1,synergy,off,7,34,-152973.76
6,1,synergy,off,7,35,-151696.76
6,1,synergy,off,7,36,-150806.76
6,1,synergy,off,7,37,-141126.97
6,1,synergy,off,7,38,-139307.43
6,1,synergy,off,7,39,-138327.43
6,1,synergy,off,7,40,-145325.05
6,1,synergy,off,8,1,-174980.00
6,1,synergy,off,8,2,-174946.28
6,1,synergy,off,8,3,-174953.58
6,1,synergy,off,8,4,-174910.41
6,1,synergy,off,8,5,-174912.36
6,1,synergy,off,8,6,-174941.94
6,1,synergy,off,8,7,-174835.04
6,1,synergy,off,8,8,-174917.52
6,1,synergy,off,8,9,-174912.52
6,1,synergy,off,8,10,-174875.34
6,1,synergy,off,8,11,-174876.85
6,1,synergy,off,8,12,-174825.25
6,1,synergy,off,8,13,-173807.11
6,1,synergy,off,8,14,-173548.82
6,1,synergy,off,8,15,-173564.46
6,1,synergy,off,8,16,-172026.89
6,1,synergy,off,8,17,-170021.96
6,1,synergy,off,8,18,-169356.20
6,1,synergy,off,8,19,-167806.65
6,1,synergy,off,8,20,-159415.53
6,1,synergy,off,8,21,-153240.46
6,1,synergy,off,8,22,-133845.46
6,1,synergy,off,8,23,-92569.11
6,1,synergy,off,8,24,-125114.11
6,1,synergy,off,8,25,-125454.11
6,1,synergy,off,8,26,-114874.11
6,1,synergy,off,8,27,-110764.11
6,1,synergy,off,8,28,-104567.08
6,1,synergy,off,8,29,-103627.08
6,1,synergy,off,8,30,-93255.51
6,1,synergy,off,8,31,-21773.93
6,1,synergy,off,8,32,-87948.93
6,1,synergy,off,8,33,-82023.93
6,1,synergy,off,8,34,-82678.93
6,1,synergy,off,8,35,-80498.93
6,1,synergy,off,8,36,-80208.93
6,1,synergy,off,8,37,-76703.93
6,1,synergy,off,8,38,-40312.88
6,1,synergy,off,8,39,-88647.04
6,1,synergy,off,8,40,-86607.04
6,1,synergy,off,9,1,-174980.00
6,1,synergy,off,9,2,-174979.36
6,1,synergy,off,9,3,-174927.07
6,1,synergy,off,9,4,-174899.95
6,1,synergy,off,9,5,-174915.90
6,1,synergy,off,9,6,-174833.08
6,1,synergy,off,9,7,-174712.10
6,1,synergy,off,9,8,-173672.10
6,1,synergy,off,9,9,-173588.77
6,1,synergy,off,9,10,-172321.80
6,1,synergy,off,9,11,-171876.80
6,1,synergy,off,9,12,-170630.58
6,1,synergy,off,9,13,-170376.82
6,1,synergy,off,9,14,-171231.82
6,1,synergy,off,9,15,-169016.82
6,1,synergy,off,9,16,-166471.82
6,1,synergy,off,9,17,-162749.32
6,1,synergy,off,9,18,-160605.57
6,1,synergy,off,9,19,-148274.27
6,1,synergy,off,9,20,-133801.67
6,1,synergy,off,9,21,-100260.49
6,1,synergy,off,9,22,-100435.49
6,1,synergy,off,9,23,-97626.74
6,1,synergy,off,9,24,-130330.49
6,1,synergy,off,9,25,-129915.49
6,1,synergy,off,9,26,-113232.99
6,1,synergy,off,9,27,-12551.39
6,1,synergy,off,9,28,-72361.34
6,1,synergy,off,9,29,-67930.74
6,1,synergy,off,9,30,-67930.74
6,1,synergy,off,9,31,-65586.99
6,1,synergy,off,9,32,-68399.49
6,1,synergy,off,9,33,116470.51
6,1,synergy,off,9,34,367648.25
6,1,synergy,off,9,35,370457.25
6,1,synergy,off,9,36,213372.25
6,1,synergy,off,9,37,397155.75
6,1,synergy,off,9,38,401040.75
6,1,synergy,off,9,39,388000.75
6,1,synergy,off,9,40,367704.75
6,1,synergy,off,10,1,-174980.00
6,1,synergy,off,10,2,-174979.91
6,1,synergy,off,10,3,-174584.99
6,1,synergy,off,10,4,-174594.99
6,1,synergy,off,10,5,-173459.99
6,1,synergy,off,10,6,-170536.91
6,1,synergy,off,10,7,-171129.48
6,1,synergy,off,10,8,-171129.48
6,1,synergy,off,10,9,-169824.48
6,1,synergy,off,10,10,-167939.40
6,1,synergy,off,10,11,-164236.10
6,1,synergy,off,10,12,-163236.10
6,1,synergy,off,10,13,-162023.60
6,1,synergy,off,10,14,-162778.60
6,1,synergy,off,10,15,-156261.10
6,1,synergy,off,10,16,-164336.10
6,1,synergy,off,10,17,-154763.60
6,1,synergy,off,10,18,-114977.44
6,1,synergy,off,10,19,-82050.50
6,1,synergy,off,10,20,-117550.50
6,1,synergy,off,10,21,-115519.25
6,1,synergy,off,10,22,80324.07
6,1,synergy,off,10,23,104411.69
6,1,synergy,off,10,24,-18979.56
6,1,synergy,off,10,25,-15909.56
6,1,synergy,off,10,26,9323.00
6,1,synergy,off,10,27,24577.12
6,1,synergy,off,10,28,70506.00
6,1,synergy,off,10,29,80817.37
6,1,synergy,off,10,30,117446.82
6,1,synergy,off,10,31,340631.68
6,1,synergy,off,10,32,276094.91
6,1,synergy,off,10,33,277711.82
6,1,synergy,off,10,34,275874.68
6,1,synergy,off,10,35,275755.58
6,1,synergy,off,10,36,275735.05
6,1,synergy,off,10,37,275743.81
6,1,synergy,off,10,38,275742.34
6,1,synergy,off,10,39,275743.40
6,1,synergy,off,10,40,275763.94
6,1,synergy,off,11,1,-174980.00
6,1,synergy,off,11,2,-174981.96
6,1,synergy,off,11,3,-174966.30
6,1,synergy,off,11,4,-174966.30
6,1,synergy,off,11,5,-174974.88
6,1,synergy,off,11,6,-174974.88
6,1,synergy,off,11,7,-174975.03
6,1,synergy,off,11,8,-174975.23
6,1,synergy,off,11,9,-174953.18
6,1,synergy,off,11,10,-174931.29
6,1,synergy,off,11,11,-174931.29
6,1,synergy,off,11,12,-174942.09
6,1,synergy,off,11,13,-174586.03
6,1,synergy,off,11,14,-174200.97
6,1,synergy,off,11,15,-173576.22
6,1,synergy,off,11,16,-172604.04
6,1,synergy,off,11,17,-172407.76
6,1,synergy,off,11,18,-169665.64
6,1,synergy,off,11,19,-164275.76
6,1,synergy,off,11,20,-162716.57
6,1,synergy,off,11,21,-158658.80
6,1,synergy,off,11,22,-163687.28
6,1,synergy,off,11,23,-163712.28
6,1,synergy,off,11,24,-160152.28
6,1,synergy,off,11,25,-132105.81
6,1,synergy,off,11,26,-129293.28
6,1,synergy,off,11,27,-127239.20
6,1,synergy,off,11,28,-131747.51
6,1,synergy,off,11,29,-131238.51
6,1,synergy,off,11,30,-118801.01
6,1,synergy,off,11,31,-115816.01
6,1,synergy,off,11,32,-96580.51
6,1,synergy,off,11,33,-8749.26
6,1,synergy,off,11,34,440256.12
6,1,synergy,off,11,35,440096.12
6,1,synergy,off,11,36,5951.45
6,1,synergy,off,11,37,619463.45
6,1,synergy,off,11,38,712271.45
6,1,synergy,off,11,39,742871.45
6,1,synergy,off,11,40,789351.45
6,1,synergy,off,12,1,-174980.00
6,1,synergy,off,12,2,-174952.28
6,1,synergy,off,12,3,-174952.28
6,1,synergy,off,12,4,-174976.14
6,1,synergy,off,12,5,-174988.07
6,1,synergy,off,12,6,-174988.07
6,1,synergy,off,12,7,-174988.07
6,1,synergy,off,12,8,-174993.43
6,1,synergy,off,12,9,-174989.71
6,1,synergy,off,12,10,-174976.12
6,1,synergy,off,12,11,-174972.58
6,1,synergy,off,12,12,-174981.52
6,1,synergy,off,12,13,-174982.89
6,1,synergy,off,12,14,-174932.77
6,1,synergy,off,12,15,-174924.45
6,1,synergy,off,12,16,-174908.60
6,1,synergy,off,12,17,-174949.58
6,1,synergy,off,12,18,-174918.36
6,1,synergy,off,12,19,-174607.68
6,1,synergy,off,12,20,-174549.51
6,1,synergy,off,12,21,-173826.20
6,1,synergy,off,12,22,-173483.51
6,1,synergy,off,12,23,-172495.21
6,1,synergy,off,12,24,-172100.47
6,1,synergy,off,12,25,-165934.84
6,1,synergy,off,12,26,-150096.52
6,1,synergy,off,12,27,-148048.88
6,1,synergy,off,12,28,-156237.14
6,1,synergy,off,12,29,-154337.14
6,1,synergy,off,12,30,-154217.14
6,1,synergy,off,12,31,-149482.14
6,1,synergy,off,12,32,-124401.38
6,1,synergy,off,12,33,-123506.38
6,1,synergy,off,12,34,-122475.03
6,1,synergy,off,12,35,-112320.90
6,1,synergy,off,12,36,-101991.60
6,1,synergy,off,12,37,-100716.60
6,1,synergy,off,12,38,-98871.60
6,1,synergy,off,12,39,-42713.43
6,1,synergy,off,12,40,-77788.43
6,1,synergy,off,13,1,-174980.00
6,1,synergy,off,13,2,-174980.04
6,1,synergy,off,13,3,-174978.92
6,1,synergy,off,13,4,-174942.28
6,1,synergy,off,13,5,-174927.34
6,1,synergy,off,13,6,-174910.70
6,1,synergy,off,13,7,-174919.55
6,1,synergy,off,13,8,-174966.45
6,1,synergy,off,13,9,-174937.91
6,1,synergy,off,13,10,-174801.85
6,1,synergy,off,13,11,-174809.13
6,1,synergy,off,13,12,-174686.89
6,1,synergy,off,13,13,-174323.68
6,1,synergy,off,13,14,-174201.77
6,1,synergy,off,13,15,-174196.77
6,1,synergy,off,13,16,-173616.77
6,1,synergy,off,13,17,-172852.68
6,1,synergy,off,13,18,-171368.08
6,1,synergy,off,13,19,-167529.99
6,1,synergy,off,13,20,-164663.61
6,1,synergy,off,13,21,-164646.73
6,1,synergy,off,13,22,-164093.24
6,1,synergy,off,13,23,-163062.71
6,1,synergy,off,13,24,-165634.06
6,1,synergy,off,13,25,-165592.09
6,1,synergy,off,13,26,-164846.89
6,1,synergy,off,13,27,-164750.64
6,1,synergy,off,13,28,-164682.36
6,1,synergy,off,13,29,-159450.49
6,1,synergy,off,13,30,-155763.79
6,1,synergy,off,13,31,-153479.01
6,1,synergy,off,13,32,-158089.35
6,1,synergy,off,13,33,-154276.85
6,1,synergy,off,13,34,-144429.35
6,1,synergy,off,13,35,-147541.85
6,1,synergy,off,13,36,-149503.10
6,1,synergy,off,13,37,-130864.35
6,1,synergy,off,13,38,-130919.35
6,1,synergy,off,13,39,-129060.60
6,1,synergy,off,13,40,-146879.98
6,1,synergy,off,14,1,-174980.00
6,1,synergy,off,14,2,-174936.14
6,1,synergy,off,14,3,-174866.88
6,1,synergy,off,14,4,-174887.13
6,1,synergy,off,14,5,-174764.13
6,1,synergy,off,14,6,-174659.69
6,1,synergy,off,14,7,-174470.65
6,1,synergy,off,14,8,-174365.65
6,1,synergy,off,14,9,-172984.51
6,1,synergy,off,14,10,-171628.34
6,1,synergy,off,14,11,-172401.49
6,1,synergy,off,14,12,-167827.60
6,1,synergy,off,14,13,-163061.24
6,1,synergy,off,14,14,-154648.58
6,1,synergy,off,14,15,-154858.58
6,1,synergy,off,14,16,-154053.57
6,1,synergy,off,14,17,-130709.18
6,1,synergy,off,14,18,-130315.43
6,1,synergy,off,14,19,-130910.43
6,1,synergy,off,14,20,-143266.68
6,1,synergy,off,14,21,-142703.56
6,1,synergy,off,14,22,10327.42
6,1,synergy,off,14,23,11460.07
6,1,synergy,off,14,24,-52396.66
6,1,synergy,off,14,25,-9611.61
6,1,synergy,off,14,26,23693.49
6,1,synergy,off,14,27,25446.61
6,1,synergy,off,14,28,-44198.39
6,1,synergy,off,14,29,273645.47
6,1,synergy,off,14,30,274888.60
6,1,synergy,off,14,31,271463.60
6,1,synergy,off,14,32,197584.22
6,1,synergy,off,14,33,219306.72
6,1,synergy,off,14,34,221881.72
6,1,synergy,off,14,35,221401.72
6,1,synergy,off,14,36,215411.72
6,1,synergy,off,14,37,228281.72
6,1,synergy,off,14,38,228311.72
6,1,synergy,off,14,39,228781.72
6,1,synergy,off,14,40,225461.72
6,1,synergy,off,15,1,-174980.00
6,1,synergy,off,15,2,-174980.00
6,1,synergy,off,15,3,-174972.12
6,1,synergy,off,15,4,-174972.12
6,1,synergy,off,15,5,-174972.12
6,1,synergy,off,15,6,-174976.23
6,1,synergy,off,15,7,-174972.57
6,1,synergy,off,15,8,-174988.95
6,1,synergy,off,15,9,-174983.95
6,1,synergy,off,15,10,-174981.33
6,1,synergy,off,15,11,-174981.33
6,1,synergy,off,15,12,-174981.33
6,1,synergy,off,15,13,-174790.33
6,1,synergy,off,15,14,-174484.26
6,1,synergy,off,15,15,-172969.98
6,1,synergy,off,15,16,-172455.03
6,1,synergy,off,15,17,-169531.03
6,1,synergy,off,15,18,-168971.03
6,1,synergy,off,15,19,-163831.03
6,1,synergy,off,15,20,-168371.03
6,1,synergy,off,15,21,-167811.03
6,1,synergy,off,15,22,-167186.03
6,1,synergy,off,15,23,-164901.03
6,1,synergy,off,15,24,-163955.45
6,1,synergy,off,15,25,-160600.45
6,1,synergy,off,15,26,-155550.45
6,1,synergy,off,15,27,-155610.45
6,1,synergy,off,15,28,-155400.45
6,1,synergy,off,15,29,-148799.65
6,1,synergy,off,15,30,-130813.69
6,1,synergy,off,15,31,-131208.69
6,1,synergy,off,15,32,-146318.69
6,1,synergy,off,15,33,-136621.17
6,1,synergy,off,15,34,-136011.41
6,1,synergy,off,15,35,-134357.01
6,1,synergy,off,15,36,-139057.01
6,1,synergy,off,15,37,-134257.01
6,1,synergy,off,15,38,-130794.51
6,1,synergy,off,15,39,-89808.97
6,1,synergy,off,15,40,-110938.97
6,1,synergy,off,16,1,-174980.00
6,1,synergy,off,16,2,-174980.00
6,1,synergy,off,16,3,-174961.60
6,1,synergy,off,16,4,-174961.60
6,1,synergy,off,16,5,-174963.40
6,1,synergy,off,16,6,-174957.80
6,1,synergy,off,16,7,-174957.80
6,1,synergy,off,16,8,-174966.44
6,1,synergy,off,16,9,-174922.69
6,1,synergy,off,16,10,-174826.80
6,1,synergy,off,16,11,-174784.22
6,1,synergy,off,16,12,-174660.40
6,1,synergy,off,16,13,-174302.55
6,1,synergy,off,16,14,-174102.66
6,1,synergy,off,16,15,-174069.90
6,1,synergy,off,16,16,-173523.22
6,1,synergy,off,16,17,-172372.75
6,1,synergy,off,16,18,-171280.66
6,1,synergy,off,16,19,-170906.56
6,1,synergy,off,16,20,-169870.00
6,1,synergy,off,16,21,-163092.69
6,1,synergy,off,16,22,-156704.44
6,1,synergy,off,16,23,-156041.63
6,1,synergy,off,16,24,-152430.88
6,1,synergy,off,16,25,-106036.12
6,1,synergy,off,16,26,-92906.12
6,1,synergy,off,16,27,-92565.25
6,1,synergy,off,16,28,-36253.50
6,1,synergy,off,16,29,-32416.19
6,1,synergy,off,16,30,105885.82
6,1,synergy,off,16,31,76260.72
6,1,synergy,off,16,32,-137376.21
6,1,synergy,off,16,33,-121142.21
6,1,synergy,off,16,34,-118398.21
6,1,synergy,off,16,35,-56455.04
6,1,synergy,off,16,36,-90617.58
6,1,synergy,off,16,37,-90219.32
6,1,synergy,off,16,38,-15653.33
6,1,synergy,off,16,39,-15923.33
6,1,synergy,off,16,40,-45533.33
6,1,synergy,off,17,1,-174980.00
6,1,synergy,off,17,2,-174971.95
6,1,synergy,off,17,3,-174965.49
6,1,synergy,off,17,4,-174960.22
6,1,synergy,off,17,5,-174923.65
6,1,synergy,off,17,6,-174918.74
6,1,synergy,off,17,7,-174893.63
6,1,synergy,off,17,8,-174914.27
6,1,synergy,off,17,9,-174813.66
6,1,synergy,off,17,10,-174254.59
6,1,synergy,off,17,11,-173238.20
6,1,synergy,off,17,12,-172253.81
6,1,synergy,off,17,13,-170841.65
6,1,synergy,off,17,14,-170650.38
6,1,synergy,off,17,15,-171350.55
6,1,synergy,off,17,16,-165730.30
6,1,synergy,off,17,17,-163935.30
6,1,synergy,off,17,18,-162657.74
6,1,synergy,off,17,19,-157928.67
6,1,synergy,off,17,20,-156352.24
6,1,synergy,off,17,21,-152102.88
6,1,synergy,off,17,22,-150043.58
6,1,synergy,off,17,23,-148420.52
6,1,synergy,off,17,24,-141468.36
6,1,synergy,off,17,25,-97067.89
6,1,synergy,off,17,26,-57488.14
6,1,synergy,off,17,27,-97984.82
6,1,synergy,off,17,28,-132390.69
6,1,synergy,off,17,29,-152015.69
6,1,synergy,off,17,30,-142698.54
6,1,synergy,off,17,31,-142748.54
6,1,synergy,off,17,32,-142886.04
6,1,synergy,off,17,33,-142594.16
6,1,synergy,off,17,34,-140870.52
6,1,synergy,off,17,35,-138142.80
6,1,synergy,off,17,36,-135699.27
6,1,synergy,off,17,37,-128079.66
6,1,synergy,off,17,38,-88624.86
6,1,synergy,off,17,39,-69244.24
6,1,synergy,off,17,40,-109244.24
6,1,synergy,off,18,1,-174980.00
6,1,synergy,off,18,2,-174980.00
6,1,synergy,off,18,3,-174971.61
6,1,synergy,off,18,4,-174971.61
6,1,synergy,off,18,5,-174973.48
6,1,synergy,off,18,6,-174966.76
6,1,synergy,off,18,7,-174966.76
6,1,synergy,off,18,8,-174966.76
6,1,synergy,off,18,9,-174956.20
6,1,synergy,off,18,10,-174946.66
6,1,synergy,off,18,11,-174890.55
6,1,synergy,off,18,12,-174871.37
6,1,synergy,off,18,13,-174536.56
6,1,synergy,off,18,14,-174380.08
6,1,synergy,off,18,15,-174332.79
6,1,synergy,off,18,16,-174042.99
6,1,synergy,off,18,17,-173887.91
6,1,synergy,off,18,18,-172913.70
6,1,synergy,off,18,19,-171444.13
6,1,synergy,off,18,20,-167637.31
6,1,synergy,off,18,21,-165171.31
6,1,synergy,off,18,22,-151502.23
6,1,synergy,off,18,23,-151042.23
6,1,synergy,off,18,24,-151837.23
6,1,synergy,off,18,25,-150545.98
6,1,synergy,off,18,26,-149225.67
6,1,synergy,off,18,27,-142191.09
6,1,synergy,off,18,28,-141448.90
6,1,synergy,off,18,29,-107995.34
6,1,synergy,off,18,30,-106206.28
6,1,synergy,off,18,31,-105010.96
6,1,synergy,off,18,32,-112964.09
6,1,synergy,off,18,33,-110016.59
6,1,synergy,off,18,34,-108602.53
6,1,synergy,off,18,35,-104126.67
6,1,synergy,off,18,36,-85689.92
6,1,synergy,off,18,37,-72890.05
6,1,synergy,off,18,38,-26019.91
6,1,synergy,off,18,39,-23071.74
6,1,synergy,off,18,40,-81698.70
6,1,synergy,off,19,1,-174980.00
6,1,synergy,off,19,2,-174980.00
6,1,synergy,off,19,3,-174977.40
6,1,synergy,off,19,4,-174734.54
6,1,synergy,off,19,5,-174469.11
6,1,synergy,off,19,6,-174163.71
6,1,synergy,off,19,7,-173085.11
6,1,synergy,off,19,8,-171749.46
6,1,synergy,off,19,9,-162658.88
6,1,synergy,off,19,10,-158766.13
6,1,synergy,off,19,11,-158746.13
6,1,synergy,off,19,12,-168248.63
6,1,synergy,off,19,13,-168918.63
6,1,synergy,off,19,14,-168890.80
6,1,synergy,off,19,15,-168138.96
6,1,synergy,off,19,16,-165631.15
6,1,synergy,off,19,17,-165164.04
6,1,synergy,off,19,18,-164971.71
6,1,synergy,off,19,19,-159850.08
6,1,synergy,off,19,20,-157526.77
6,1,synergy,off,19,21,-146398.45
6,1,synergy,off,19,22,-136494.02
6,1,synergy,off,19,23,-136207.80
6,1,synergy,off,19,24,-148367.71
6,1,synergy,off,19,25,-140238.46
6,1,synergy,off,19,26,-138452.46
6,1,synergy,off,19,27,-136278.71
6,1,synergy,off,19,28,-125047.27
6,1,synergy,off,19,29,-119477.77
6,1,synergy,off,19,30,-86577.77
6,1,synergy,off,19,31,-84216.02
6,1,synergy,off,19,32,-119441.02
6,1,synergy,off,19,33,-118546.02
6,1,synergy,off,19,34,-106821.52
6,1,synergy,off,19,35,-105981.52
6,1,synergy,off,19,36,-102715.27
6,1,synergy,off,19,37,-93080.27
6,1,synergy,off,19,38,-54317.02
6,1,synergy,off,19,39,-54082.02
6,1,synergy,off,19,40,-89217.02
6,1,synergy,off,20,1,-174980.00
6,1,synergy,off,20,2,-174970.37
6,1,synergy,off,20,3,-174568.64
6,1,synergy,off,20,4,-173819.36
6,1,synergy,off,20,5,-171869.90
6,1,synergy,off,20,6,-172454.90
6,1,synergy,off,20,7,-170534.90
6,1,synergy,off,20,8,-170529.90
6,1,synergy,off,20,9,-165384.90
6,1,synergy,off,20,10,-165474.90
6,1,synergy,off,20,11,-163589.90
6,1,synergy,off,20,12,-162683.61
6,1,synergy,off,20,13,-161608.61
6,1,synergy,off,20,14,-160675.83
6,1,synergy,off,20,15,-169658.78
6,1,synergy,off,20,16,-169698.78
6,1,synergy,off,20,17,-168563.78
6,1,synergy,off,20,18,-165562.54
6,1,synergy,off,20,19,-168474.84
6,1,synergy,off,20,20,-167229.84
6,1,synergy,off,20,21,-162988.64
6,1,synergy,off,20,22,-157148.64
6,1,synergy,off,20,23,-157138.64
6,1,synergy,off,20,24,-162338.64
6,1,synergy,off,20,25,-153448.64
6,1,synergy,off,20,26,-152055.02
6,1,synergy,off,20,27,-150849.38
6,1,synergy,off,20,28,-155064.38
6,1,synergy,off,20,29,-153814.38
6,1,synergy,off,20,30,-157456.69
6,1,synergy,off,20,31,-155956.69
6,1,synergy,off,20,32,-155451.69
6,1,synergy,off,20,33,-152356.69
6,1,synergy,off,20,34,-151794.98
6,1,synergy,off,20,35,-149602.13
6,1,synergy,off,20,36,-134225.13
6,1,synergy,off,20,37,-108923.96
6,1,synergy,off,20,38,-106419.17
6,1,synergy,off,20,39,-109425.57
6,1,synergy,off,20,40,-149406.00
6,1,synergy,off,21,1,-174980.00
6,1,synergy,off,21,2,-174981.78
6,1,synergy,off,21,3,-174976.96
6,1,synergy,off,21,4,-174976.96
6,1,synergy,off,21,5,-174973.48
6,1,synergy,off,21,6,-174973.48
6,1,synergy,off,21,7,-174973.48
6,1,synergy,off,21,8,-174963.02
6,1,synergy,off,21,9,-174958.02
6,1,synergy,off,21,10,-174841.61
6,1,synergy,off,21,11,-174513.30
6,1,synergy,off,21,12,-174312.26
6,1,synergy,off,21,13,-173732.36
6,1,synergy,off,21,14,-172886.59
6,1,synergy,off,21,15,-170174.27
6,1,synergy,off,21,16,-166399.53
6,1,synergy,off,21,17,-163887.53
6,1,synergy,off,21,18,-162816.24
6,1,synergy,off,21,19,-153748.19
6,1,synergy,off,21,20,-151876.19
6,1,synergy,off,21,21,-102879.29
6,1,synergy,off,21,22,-104884.29
6,1,synergy,off,21,23,-93724.29
6,1,synergy,off,21,24,-117795.91
6,1,synergy,off,21,25,-69114.47
6,1,synergy,off,21,26,-68076.47
6,1,synergy,off,21,27,-68356.47
6,1,synergy,off,21,28,-104866.47
6,1,synergy,off,21,29,-104351.47
6,1,synergy,off,21,30,-101619.29
6,1,synergy,off,21,31,-100340.54
6,1,synergy,off,21,32,-94577.72
6,1,synergy,off,21,33,-26958.69
6,1,synergy,off,21,34,81421.84
6,1,synergy,off,21,35,85483.31
6,1,synergy,off,21,36,-69421.69
6,1,synergy,off,21,37,-51082.72
6,1,synergy,off,21,38,-51422.72
6,1,synergy,off,21,39,-51092.72
6,1,synergy,off,21,40,-51862.72
6,1,synergy,off,22,1,-174980.00
6,1,synergy,off,22,2,-174965.90
6,1,synergy,off,22,3,-174949.10
6,1,synergy,off,22,4,-174962.05
6,1,synergy,off,22,5,-174897.79
6,1,synergy,off,22,6,-174864.36
6,1,synergy,off,22,7,-174889.66
6,1,synergy,off,22,8,-174533.48
6,1,synergy,off,22,9,-174461.35
6,1,synergy,off,22,10,-174223.27
6,1,synergy,off,22,11,-173816.90
6,1,synergy,off,22,12,-172050.90
6,1,synergy,off,22,13,-173038.47
6,1,synergy,off,22,14,-173076.46
6,1,synergy,off,22,15,-170807.06
6,1,synergy,off,22,16,-169883.45
6,1,synergy,off,22,17,-167235.45
6,1,synergy,off,22,18,-165728.89
6,1,synergy,off,22,19,-154214.75
6,1,synergy,off,22,20,-164886.75
6,1,synergy,off,22,21,-159595.75
6,1,synergy,off,22,22,-155527.22
6,1,synergy,off,22,23,-151210.40
6,1,synergy,off,22,24,-161215.40
6,1,synergy,off,22,25,-161155.40
6,1,synergy,off,22,26,-153595.72
6,1,synergy,off,22,27,-151038.22
6,1,synergy,off,22,28,-154885.40
6,1,synergy,off,22,29,-152163.22
6,1,synergy,off,22,30,-151130.90
6,1,synergy,off,22,31,-150859.65
6,1,synergy,off,22,32,-151112.78
6,1,synergy,off,22,33,-126254.34
6,1,synergy,off,22,34,-88131.74
6,1,synergy,off,22,35,-69781.88
6,1,synergy,off,22,36,-122702.82
6,1,synergy,off,22,37,-121123.76
6,1,synergy,off,22,38,-121163.76
6,1,synergy,off,22,39,-120290.63
6,1,synergy,off,22,40,-104500.42
6,1,synergy,off,23,1,-174980.00
6,1,synergy,off,23,2,-174985.05
6,1,synergy,off,23,3,-174966.73
6,1,synergy,off,23,4,-174968.71
6,1,synergy,off,23,5,-174944.96
6,1,synergy,off,23,6,-174944.96
6,1,synergy,off,23,7,-174943.36
6,1,synergy,off,23,8,-174980.56
6,1,synergy,off,23,9,-174974.16
6,1,synergy,off,23,10,-174974.16
6,1,synergy,off,23,11,-174660.16
6,1,synergy,off,23,12,-174604.08
6,1,synergy,off,23,13,-174438.86
6,1,synergy,off,23,14,-174020.87
6,1,synergy,off,23,15,-174055.89
6,1,synergy,off,23,16,-173201.94
6,1,synergy,off,23,17,-172659.07
6,1,synergy,off,23,18,-172104.07
6,1,synergy,off,23,19,-171648.61
6,1,synergy,off,23,20,-169329.54
6,1,synergy,off,23,21,-170627.61
6,1,synergy,off,23,22,-167667.61
6,1,synergy,off,23,23,-168510.61
6,1,synergy,off,23,24,-165332.46
6,1,synergy,off,23,25,-165137.46
6,1,synergy,off,23,26,-162690.13
6,1,synergy,off,23,27,-159043.77
6,1,synergy,off,23,28,-157791.51
6,1,synergy,off,23,29,-151574.63
6,1,synergy,off,23,30,-157333.42
6,1,synergy,off,23,31,-153039.79
6,1,synergy,off,23,32,-157004.67
6,1,synergy,off,23,33,-149865.17
6,1,synergy,off,23,34,-146234.72
6,1,synergy,off,23,35,-146224.72
6,1,synergy,off,23,36,-145746.72
6,1,synergy,off,23,37,-133470.70
6,1,synergy,off,23,38,-126929.20
6,1,synergy,off,23,39,-123009.20
6,1,synergy,off,23,40,-136906.70
6,1,synergy,off,24,1,-174980.00
6,1,synergy,off,24,2,-174974.24
6,1,synergy,off,24,3,-174966.68
6,1,synergy,off,24,4,-174963.65
6,1,synergy,off,24,5,-174815.88
6,1,synergy,off,24,6,-174447.00
6,1,synergy,off,24,7,-173971.31
6,1,synergy,off,24,8,-172571.99
6,1,synergy,off,24,9,-170233.85
6,1,synergy,off,24,10,-169640.19
6,1,synergy,off,24,11,-174273.47
6,1,synergy,off,24,12,-174298.64
6,1,synergy,off,24,13,-173367.36
6,1,synergy,off,24,14,-173335.04
6,1,synergy,off,24,15,-171514.95
6,1,synergy,off,24,16,-168617.76
6,1,synergy,off,24,17,-156929.01
6,1,synergy,off,24,18,-155549.01
6,1,synergy,off,24,19,-136220.54
6,1,synergy,off,24,20,-159175.54
6,1,synergy,off,24,21,-157800.53
6,1,synergy,off,24,22,-162641.69
6,1,synergy,off,24,23,-153175.20
6,1,synergy,off,24,24,-159026.03
6,1,synergy,off,24,25,-141898.33
6,1,synergy,off,24,26,-118420.77
6,1,synergy,off,24,27,-129381.72
6,1,synergy,off,24,28,-111105.61
6,1,synergy,off,24,29,-87271.37
6,1,synergy,off,24,30,-85781.37
6,1,synergy,off,24,31,-27897.99
6,1,synergy,off,24,32,-140297.99
6,1,synergy,off,24,33,-133602.99
6,1,synergy,off,24,34,-137832.99
6,1,synergy,off,24,35,-135897.99
6,1,synergy,off,24,36,-135992.99
6,1,synergy,off,24,37,-130023.87
6,1,synergy,off,24,38,-127907.39
6,1,synergy,off,24,39,-127056.43
6,1,synergy,off,24,40,-127792.23
6,1,synergy,off,25,1,-174980.00
6,1,synergy,off,25,2,-174972.24
6,1,synergy,off,25,3,-174970.20
6,1,synergy,off,25,4,-174913.99
6,1,synergy,off,25,5,-174880.20
6,1,synergy,off,25,6,-174768.24
6,1,synergy,off,25,7,-174768.46
6,1,synergy,off,25,8,-174696.38
6,1,synergy,off,25,9,-174194.62
6,1,synergy,off,25,10,-173634.62
6,1,synergy,off,25,11,-173987.31
6,1,synergy,off,25,12,-173518.32
6,1,synergy,off,25,13,-173103.32
6,1,synergy,off,25,14,-170806.14
6,1,synergy,off,25,15,-170851.14
6,1,synergy,off,25,16,-170261.13
6,1,synergy,off,25,17,-166364.21
6,1,synergy,off,25,18,-166128.46
6,1,synergy,off,25,19,-168162.46
6,1,synergy,off,25,20,-167953.57
6,1,synergy,off,25,21,-164428.37
6,1,synergy,off,25,22,-158554.91
6,1,synergy,off,25,23,-151160.41
6,1,synergy,off,25,24,-140351.02
6,1,synergy,off,25,25,-128663.96
6,1,synergy,off,25,26,-119153.46
6,1,synergy,off,25,27,-117198.46
6,1,synergy,off,25,28,-147178.46
6,1,synergy,off,25,29,-147228.46
6,1,synergy,off,25,30,-146788.08
6,1,synergy,off,25,31,-126195.83
6,1,synergy,off,25,32,-131815.83
6,1,synergy,off,25,33,-128490.83
6,1,synergy,off,25,34,-126034.71
6,1,synergy,off,25,35,-116824.14
6,1,synergy,off,25,36,-115501.14
6,1,synergy,off,25,37,-73267.47
6,1,synergy,off,25,38,-72109.85
6,1,synergy,off,25,39,-58120.35
6,1,synergy,off,25,40,-94531.10
6,1,synergy,off,26,1,-174980.00
6,1,synergy,off,26,2,-174980.00
6,1,synergy,off,26,3,-174970.30
6,1,synergy,off,26,4,-174937.39
6,1,synergy,off,26,5,-174933.78
6,1,synergy,off,26,6,-174906.20
6,1,synergy,off,26,7,-174143.76
6,1,synergy,off,26,8,-173886.51
6,1,synergy,off,26,9,-173212.57
6,1,synergy,off,26,10,-171549.27
6,1,synergy,off,26,11,-168661.80
6,1,synergy,off,26,12,-164503.96
6,1,synergy,off,26,13,-160185.25
6,1,synergy,off,26,14,-156023.90
6,1,synergy,off,26,15,-154906.80
6,1,synergy,off,26,16,-147253.07
6,1,synergy,off,26,17,-99345.27
6,1,synergy,off,26,18,-102189.67
6,1,synergy,off,26,19,-97741.25
6,1,synergy,off,26,20,-115714.30
6,1,synergy,off,26,21,-107757.42
6,1,synergy,off,26,22,35838.98
6,1,synergy,off,26,23,98297.73
6,1,synergy,off,26,24,-65857.27
6,1,synergy,off,26,25,126180.73
6,1,synergy,off,26,26,123435.73
6,1,synergy,off,26,27,121660.73
6,1,synergy,off,26,28,214460.73
6,1,synergy,off,26,29,1228845.20
6,1,synergy,off,26,30,1255046.59
6,1,synergy,off,26,31,1418937.02
6,1,synergy,off,26,32,1559013.02
6,1,synergy,off,26,33,1691618.02
6,1,synergy,off,26,34,1663051.02
6,1,synergy,off,26,35,1675747.02
6,1,synergy,off,26,36,1664552.02
6,1,synergy,off,26,37,1736036.02
6,1,synergy,off,26,38,2433902.02
6,1,synergy,off,26,39,2521877.02
6,1,synergy,off,26,40,3495151.02
6,1,synergy,off,27,1,-174980.00
6,1,synergy,off,27,2,-174972.17
6,1,synergy,off,27,3,-174972.17
6,1,synergy,off,27,4,-174972.17
6,1,synergy,off,27,5,-174974.35
6,1,synergy,off,27,6,-174957.34
6,1,synergy,off,27,7,-174844.39
6,1,synergy,off,27,8,-174843.13
6,1,synergy,off,27,9,-174719.17
6,1,synergy,off,27,10,-174572.88
6,1,synergy,off,27,11,-174818.57
6,1,synergy,off,27,12,-174379.26
6,1,synergy,off,27,13,-174320.58
6,1,synergy,off,27,14,-173425.57
6,1,synergy,off,27,15,-171566.83
6,1,synergy,off,27,16,-169814.74
6,1,synergy,off,27,17,-166621.64
6,1,synergy,off,27,18,-159384.90
6,1,synergy,off,27,19,-158055.65
6,1,synergy,off,27,20,-164131.57
6,1,synergy,off,27,21,-167934.17
6,1,synergy,off,27,22,-167721.67
6,1,synergy,off,27,23,-167721.67
6,1,synergy,off,27,24,-162030.38
6,1,synergy,off,27,25,-142139.23
6,1,synergy,off,27,26,-150015.12
6,1,synergy,off,27,27,-112351.94
6,1,synergy,off,27,28,-127356.94
6,1,synergy,off,27,29,-127366.94
6,1,synergy,off,27,30,-126363.82
6,1,synergy,off,27,31,-123516.32
6,1,synergy,off,27,32,-128566.32
6,1,synergy,off,27,33,-114882.57
6,1,synergy,off,27,34,-102873.82
6,1,synergy,off,27,35,-96000.07
6,1,synergy,off,27,36,-81128.82
6,1,synergy,off,27,37,-80574.01
6,1,synergy,off,27,38,-80589.01
6,1,synergy,off,27,39,-62690.07
6,1,synergy,off,27,40,-84033.26
6,1,synergy,off,28,1,-174980.00
6,1,synergy,off,28,2,-174980.00
6,1,synergy,off,28,3,-174976.72
6,1,synergy,off,28,4,-174979.40
6,1,synergy,off,28,5,-174969.60
6,1,synergy,off,28,6,-174969.60
6,1,synergy,off,28,7,-174952.32
6,1,synergy,off,28,8,-174952.32
6,1,synergy,off,28,9,-174941.05
6,1,synergy,off,28,10,-174814.76
6,1,synergy,off,28,11,-174926.12
6,1,synergy,off,28,12,-174903.94
6,1,synergy,off,28,13,-174378.14
6,1,synergy,off,28,14,-173612.72
6,1,synergy,off,28,15,-172005.70
6,1,synergy,off,28,16,-171267.06
6,1,synergy,off,28,17,-166297.92
6,1,synergy,off,28,18,-161852.92
6,1,synergy,off,28,19,-88900.62
6,1,synergy,off,28,20,-111870.62
6,1,synergy,off,28,21,22872.51
6,1,synergy,off,28,22,95995.01
6,1,synergy,off,28,23,-38005.74
6,1,synergy,off,28,24,-132792.62
6,1,synergy,off,28,25,-128176.37
6,1,synergy,off,28,26,-127454.49
6,1,synergy,off,28,27,-126560.74
6,1,synergy,off,28,28,-124745.74
6,1,synergy,off,28,29,-118813.92
6,1,synergy,off,28,30,-110871.80
6,1,synergy,off,28,31,-110807.46
6,1,synergy,off,28,32,-90170.52
6,1,synergy,off,28,33,-89675.52
6,1,synergy,off,28,34,-89021.14
6,1,synergy,off,28,35,-87776.77
6,1,synergy,off,28,36,-85494.27
6,1,synergy,off,28,37,-70622.18
6,1,synergy,off,28,38,-84462.14
6,1,synergy,off,28,39,-83293.39
6,1,synergy,off,28,40,-84347.14
6,1,synergy,off,29,1,-174980.00
6,1,synergy,off,29,2,-174980.00
6,1,synergy,off,29,3,-174980.00
6,1,synergy,off,29,4,-174974.15
6,1,synergy,off,29,5,-174974.15
6,1,synergy,off,29,6,-174934.52
6,1,synergy,off,29,7,-174934.52
6,1,synergy,off,29,8,-174945.20
6,1,synergy,off,29,9,-174940.20
6,1,synergy,off,29,10,-174689.04
6,1,synergy,off,29,11,-174624.46
6,1,synergy,off,29,12,-174057.28
6,1,synergy,off,29,13,-172318.02
6,1,synergy,off,29,14,-174780.97
6,1,synergy,off,29,15,-174832.52
6,1,synergy,off,29,16,-174568.23
6,1,synergy,off,29,17,-174230.76
6,1,synergy,off,29,18,-172610.73
6,1,synergy,off,29,19,-172015.41
6,1,synergy,off,29,20,-173554.49
6,1,synergy,off,29,21,-166849.33
6,1,synergy,off,29,22,-166859.33
6,1,synergy,off,29,23,-166854.33
6,1,synergy,off,29,24,-166022.46
6,1,synergy,off,29,25,-154465.59
6,1,synergy,off,29,26,-99184.11
6,1,synergy,off,29,27,-99169.11
6,1,synergy,off,29,28,-131342.11
6,1,synergy,off,29,29,-71220.24
6,1,synergy,off,29,30,-55717.11
6,1,synergy,off,29,31,-54720.24
6,1,synergy,off,29,32,-141715.24
6,1,synergy,off,29,33,-141567.74
6,1,synergy,off,29,34,-139854.10
6,1,synergy,off,29,35,-88457.43
6,1,synergy,off,29,36,-114271.02
6,1,synergy,off,29,37,-123699.69
6,1,synergy,off,29,38,-124254.69
6,1,synergy,off,29,39,-83820.57
6,1,synergy,off,29,40,-73995.91
10,1,synergy,off,0,1,-999980.00
10,1,synergy,off,0,2,-999980.00
10,1,synergy,off,0,3,-999983.53
10,1,synergy,off,0,4,-999984.55
10,1,synergy,off,0,5,-999969.49
10,1,synergy,off,0,6,-999984.74
10,1,synergy,off,0,7,-999984.74
10,1,synergy,off,0,8,-999968.06
10,1,synergy,off,0,9,-999963.07
10,1,synergy,off,0,10,-999961.94
10,1,synergy,off,0,11,-999963.11
10,1,synergy,off,0,12,-999955.97
10,1,synergy,off,0,13,-999925.39
10,1,synergy,off,0,14,-999920.27
10,1,synergy,off,0,15,-999780.60
10,1,synergy,off,0,16,-999705.99
10,1,synergy,off,0,17,-999184.67
10,1,synergy,off,0,18,-999414.96
10,1,synergy,off,0,19,-994301.23
10,1,synergy,off,0,20,-993631.23
10,1,synergy,off,0,21,-993161.23
10,1,synergy,off,0,22,-986924.75
10,1,synergy,off,0,23,-985194.75
10,1,synergy,off,0,24,-991853.09
10,1,synergy,off,0,25,-987293.09
10,1,synergy,off,0,26,-987774.98
10,1,synergy,off,0,27,-979338.54
10,1,synergy,off,0,28,-982026.04
10,1,synergy,off,0,29,-984846.04
10,1,synergy,off,0,30,-971346.11
10,1,synergy,off,0,31,-975578.91
10,1,synergy,off,0,32,-986183.91
10,1,synergy,off,0,33,-982978.91
10,1,synergy,off,0,34,-982817.99
10,1,synergy,off,0,35,-974564.89
10,1,synergy,off,0,36,-977888.27
10,1,synergy,off,0,37,-976151.71
10,1,synergy,off,0,38,-907933.15
10,1,synergy,off,0,39,-906359.29
10,1,synergy,off,0,40,-940994.29
10,1,synergy,off,1,1,-999980.00
10,1,synergy,off,1,2,-999980.60
10,1,synergy,off,1,3,-999982.90
10,1,synergy,off,1,4,-999981.30
10,1,synergy,off,1,5,-999990.66
10,1,synergy,off,1,6,-999984.00
10,1,synergy,off,1,7,-999984.00
10,1,synergy,off,1,8,-999963.84
10,1,synergy,off,1,9,-999958.84
10,1,synergy,off,1,10,-999877.09
10,1,synergy,off,1,11,-999811.16
10,1,synergy,off,1,12,-999764.08
10,1,synergy,off,1,13,-999720.74
10,1,synergy,off,1,14,-999655.74
10,1,synergy,off,1,15,-999130.74
10,1,synergy,off,1,16,-999057.68
10,1,synergy,off,1,17,-998512.94
10,1,synergy,off,1,18,-999525.01
10,1,synergy,off,1,19,-998958.01
10,1,synergy,off,1,20,-999053.01
10,1,synergy,off,1,21,-998948.01
10,1,synergy,off,1,22,-999038.01
10,1,synergy,off,1,23,-998653.01
10,1,synergy,off,1,24,-997048.01
10,1,synergy,off,1,25,-996863.01
10,1,synergy,off,1,26,-996207.62
10,1,synergy,off,1,27,-995533.53
10,1,synergy,off,1,28,-994654.78
10,1,synergy,off,1,29,-992296.24
10,1,synergy,off,1,30,-997008.91
10,1,synergy,off,1,31,-996864.86
10,1,synergy,off,1,32,-996686.53
10,1,synergy,off,1,33,-996045.73
10,1,synergy,off,1,34,-995845.73
10,1,synergy,off,1,35,-995105.73
10,1,synergy,off,1,36,-993785.73
10,1,synergy,off,1,37,-993021.41
10,1,synergy,off,1,38,-992601.41
10,1,synergy,off,1,39,-992706.41
10,1,synergy,off,1,40,-991831.41
10,1,synergy,off,2,1,-999980.00
10,1,synergy,off,2,2,-999971.90
10,1,synergy,off,2,3,-999979.10
10,1,synergy,off,2,4,-999961.36
10,1,synergy,off,2,5,-999942.16
10,1,synergy,off,2,6,-999935.23
10,1,synergy,off,2,7,-999904.15
10,1,synergy,off,2,8,-999958.16
10,1,synergy,off,2,9,-999927.01
10,1,synergy,off,2,10,-999889.18
10,1,synergy,off,2,11,-999695.58
10,1,synergy,off,2,12,-999545.80
10,1,synergy,off,2,13,-998640.76
10,1,synergy,off,2,14,-997323.45
10,1,synergy,off,2,15,-996278.04
10,1,synergy,off,2,16,-992267.47
10,1,synergy,off,2,17,-991907.47
10,1,synergy,off,2,18,-992002.47
10,1,synergy,off,2,19,-991093.80
10,1,synergy,off,2,20,-990793.80
10,1,synergy,off,2,21,-988644.20
10,1,synergy,off,2,22,-984932.43
10,1,synergy,off,2,23,-982457.23
10,1,synergy,off,2,24,-984598.11
10,1,synergy,off,2,25,-982022.02
10,1,synergy,off,2,26,-980148.07
10,1,synergy,off,2,27,-971833.57
10,1,synergy,off,2,28,-981853.57
10,1,synergy,off,2,29,-981617.44
10,1,synergy,off,2,30,-967181.25
10,1,synergy,off,2,31,-964493.83
10,1,synergy,off,2,32,-964386.64
10,1,synergy,off,2,33,-937284.64
10,1,synergy,off,2,34,-832215.47
10,1,synergy,off,2,35,-766510.43
10,1,synergy,off,2,36,-932190.43
10,1,synergy,off,2,37,-826723.93
10,1,synergy,off,2,38,-826718.93
10,1,synergy,off,2,39,-826107.06
10,1,synergy,off,2,40,-949215.31
10,1,synergy,off,3,1,-999980.00
10,1,synergy,off,3,2,-999960.24
10,1,synergy,off,3,3,-999955.55
10,1,synergy,off,3,4,-999885.43
10,1,synergy,off,3,5,-999886.19
10,1,synergy,off,3,6,-999806.09
10,1,synergy,off,3,7,-999226.65
10,1,synergy,off,3,8,-999232.26
10,1,synergy,off,3,9,-996827.52
10,1,synergy,off,3,10,-996842.52
10,1,synergy,off,3,11,-996717.52
10,1,synergy,off,3,12,-991986.66
10,1,synergy,off,3,13,-983716.81
10,1,synergy,off,3,14,-984356.81
10,1,synergy,off,3,15,-984138.99
10,1,synergy,off,3,16,-991852.03
10,1,synergy,off,3,17,-990567.03
10,1,synergy,off,3,18,-989629.85
10,1,synergy,off,3,19,-989082.38
10,1,synergy,off,3,20,-988343.60
10,1,synergy,off,3,21,-980703.94
10,1,synergy,off,3,22,-964718.07
10,1,synergy,off,3,23,-961662.24
10,1,synergy,off,3,24,-975027.24
10,1,synergy,off,3,25,-964807.87
10,1,synergy,off,3,26,-953982.87
10,1,synergy,off,3,27,-729118.34
10,1,synergy,off,3,28,-895412.27
10,1,synergy,off,3,29,-847474.77
10,1,synergy,off,3,30,-841609.77
10,1,synergy,off,3,31,-838302.88
10,1,synergy,off,3,32,-870992.88
10,1,synergy,off,3,33,-865222.88
10,1,synergy,off,3,34,-858832.88
10,1,synergy,off,3,35,-851482.88
10,1,synergy,off,3,36,-832597.88
10,1,synergy,off,3,37,-699809.45
10,1,synergy,off,3,38,-700084.45
10,1,synergy,off,3,39,-699019.45
10,1,synergy,off,3,40,-737549.45
10,1,synergy,off,4,1,-999980.00
10,1,synergy,off,4,2,-999982.63
10,1,synergy,off,4,3,-999963.25
10,1,synergy,off,4,4,-999956.45
10,1,synergy,off,4,5,-998899.53
10,1,synergy,off,4,6,-997837.61
10,1,synergy,off,4,7,-998035.09
10,1,synergy,off,4,8,-998798.88
10,1,synergy,off,4,9,-998523.88
10,1,synergy,off,4,10,-998336.01
10,1,synergy,off,4,11,-997672.40
10,1,synergy,off,4,12,-995747.40
10,1,synergy,off,4,13,-993997.16
10,1,synergy,off,4,14,-992371.11
10,1,synergy,off,4,15,-991911.11
10,1,synergy,off,4,16,-991496.11
10,1,synergy,off,4,17,-991801.11
10,1,synergy,off,4,18,-990221.11
10,1,synergy,off,4,19,-987246.11
10,1,synergy,off,4,20,-981701.43
10,1,synergy,off,4,21,-972051.91
10,1,synergy,off,4,22,-971395.66
10,1,synergy,off,4,23,-992982.13
10,1,synergy,off,4,24,-991905.85
10,1,synergy,off,4,25,-991926.95
10,1,synergy,off,4,26,-990403.80
10,1,synergy,off,4,27,-989502.57
10,1,synergy,off,4,28,-983228.53
10,1,synergy,off,4,29,-983586.02
10,1,synergy,off,4,30,-978093.74
10,1,synergy,off,4,31,-972817.81
10,1,synergy,off,4,32,-986850.31
10,1,synergy,off,4,33,-986577.81
10,1,synergy,off,4,34,-986789.81
10,1,synergy,off,4,35,-986597.31
10,1,synergy,off,4,36,-980751.95
10,1,synergy,off,4,37,-971443.10
10,1,synergy,off,4,38,-970830.60
10,1,synergy,off,4,39,-964399.35
10,1,synergy,off,4,40,-981485.60
10,1,synergy,off,5,1,-999980.00
10,1,synergy,off,5,2,-999980.00
10,1,synergy,off,5,3,-999980.00
10,1,synergy,off,5,4,-999980.00
10,1,synergy,off,5,5,-999980.00
10,1,synergy,off,5,6,-999970.90
10,1,synergy,off,5,7,-999975.16
10,1,synergy,off,5,8,-999974.11
10,1,synergy,off,5,9,-999969.03
10,1,synergy,off,5,10,-999970.90
10,1,synergy,off,5,11,-999970.90
10,1,synergy,off,5,12,-999737.09
10,1,synergy,off,5,13,-999436.53
10,1,synergy,off,5,14,-999229.74
10,1,synergy,off,5,15,-996942.83
10,1,synergy,off,5,16,-992221.19
10,1,synergy,off,5,17,-985001.19
10,1,synergy,off,5,18,-954253.66
10,1,synergy,off,5,19,-954216.16
10,1,synergy,off,5,20,-973553.66
10,1,synergy,off,5,21,-970217.72
10,1,synergy,off,5,22,-968913.04
10,1,synergy,off,5,23,-968973.04
10,1,synergy,off,5,24,-967991.16
10,1,synergy,off,5,25,-965715.54
10,1,synergy,off,5,26,-961894.93
10,1,synergy,off,5,27,-962064.93
10,1,synergy,off,5,28,-962924.93
10,1,synergy,off,5,29,-948471.80
10,1,synergy,off,5,30,-958326.48
10,1,synergy,off,5,31,-955260.07
10,1,synergy,off,5,32,-959695.82
10,1,synergy,off,5,33,-942000.04
10,1,synergy,off,5,34,-920242.23
10,1,synergy,off,5,35,-920247.23
10,1,synergy,off,5,36,-935085.98
10,1,synergy,off,5,37,-935500.98
10,1,synergy,off,5,38,-925203.17
10,1,synergy,off,5,39,-941687.88
10,1,synergy,off,5,40,-929737.21
10,1,synergy,off,6,1,-999980.00
10,1,synergy,off,6,2,-999959.93
10,1,synergy,off,6,3,-999959.93
10,1,synergy,off,6,4,-999937.77
10,1,synergy,off,6,5,-999937.77
10,1,synergy,off,6,6,-999913.56
10,1,synergy,off,6,7,-999913.56
10,1,synergy,off,6,8,-999947.06
10,1,synergy,off,6,9,-999941.32
10,1,synergy,off,6,10,-999939.04
10,1,synergy,off,6,11,-999964.49
10,1,synergy,off,6,12,-999988.31
10,1,synergy,off,6,13,-999988.31
10,1,synergy,off,6,14,-999988.31
10,1,synergy,off,6,15,-999988.31
10,1,synergy,off,6,16,-999988.31
10,1,synergy,off,6,17,-999978.31
10,1,synergy,off,6,18,-999978.31
10,1,synergy,off,6,19,-999938.21
10,1,synergy,off,6,20,-999988.21
10,1,synergy,off,6,21,-999988.87
10,1,synergy,off,6,22,-999938.01
10,1,synergy,off,6,23,-999931.01
10,1,synergy,off,6,24,-999951.12
10,1,synergy,off,6,25,-999905.73
10,1,synergy,off,6,26,-999864.35
10,1,synergy,off,6,27,-999905.49
10,1,synergy,off,6,28,-999373.39
10,1,synergy,off,6,29,-999276.67
10,1,synergy,off,6,30,-998304.25
10,1,synergy,off,6,31,-997905.69
10,1,synergy,off,6,32,-992417.82
10,1,synergy,off,6,33,-991620.32
10,1,synergy,off,6,34,-988973.36
10,1,synergy,off,6,35,-987275.06
10,1,synergy,off,6,36,-982543.13
10,1,synergy,off,6,37,-982323.13
10,1,synergy,off,6,38,-981301.50
10,1,synergy,off,6,39,-978026.63
10,1,synergy,off,6,40,-976333.51
10,1,synergy,off,7,1,-999980.00
10,1,synergy,off,7,2,-999980.00
10,1,synergy,off,7,3,-999980.00
10,1,synergy,off,7,4,-999592.00
10,1,synergy,off,7,5,-999397.16
10,1,synergy,off,7,6,-999139.74
10,1,synergy,off,7,7,-999105.14
10,1,synergy,off,7,8,-999727.46
10,1,synergy,off,7,9,-999632.14
10,1,synergy,off,7,10,-998932.47
10,1,synergy,off,7,11,-998412.09
10,1,synergy,off,7,12,-999666.58
10,1,synergy,off,7,13,-999435.96
10,1,synergy,off,7,14,-998052.15
10,1,synergy,off,7,15,-996127.55
10,1,synergy,off,7,16,-989518.71
10,1,synergy,off,7,17,-972475.27
10,1,synergy,off,7,18,-966433.18
10,1,synergy,off,7,19,-966658.18
10,1,synergy,off,7,20,-964032.12
10,1,synergy,off,7,21,-963282.12
10,1,synergy,off,7,22,-890241.79
10,1,synergy,off,7,23,-884860.33
10,1,synergy,off,7,24,-959372.05
10,1,synergy,off,7,25,-958307.43
10,1,synergy,off,7,26,-949217.99
10,1,synergy,off,7,27,-948797.93
10,1,synergy,off,7,28,-944570.49
10,1,synergy,off,7,29,-932027.07
10,1,synergy,off,7,30,-944259.50
10,1,synergy,off,7,31,-952549.83
10,1,synergy,off,7,32,-918590.94
10,1,synergy,off,7,33,-915055.94
10,1,synergy,off,7,34,-925485.94
10,1,synergy,off,7,35,-889147.57
10,1,synergy,off,7,36,-891361.69
10,1,synergy,off,7,37,-892861.69
10,1,synergy,off,7,38,-902871.69
10,1,synergy,off,7,39,-901196.13
10,1,synergy,off,7,40,-882320.82
10,1,synergy,off,8,1,-999980.00
10,1,synergy,off,8,2,-999976.02
10,1,synergy,off,8,3,-999976.02
10,1,synergy,off,8,4,-999949.84
10,1,synergy,off,8,5,-999949.84
10,1,synergy,off,8,6,-999931.60
10,1,synergy,off,8,7,-999932.65
10,1,synergy,off,8,8,-999974.90
10,1,synergy,off,8,9,-999961.66
10,1,synergy,off,8,10,-999954.11
10,1,synergy,off,8,11,-999932.18
10,1,synergy,off,8,12,-999820.63
10,1,synergy,off,8,13,-999341.87
10,1,synergy,off,8,14,-998428.29
10,1,synergy,off,8,15,-998665.17
10,1,synergy,off,8,16,-998580.55
10,1,synergy,off,8,17,-994008.29
10,1,synergy,off,8,18,-991730.94
10,1,synergy,off,8,19,-973105.90
10,1,synergy,off,8,20,-989796.90
10,1,synergy,off,8,21,-986531.90
10,1,synergy,off,8,22,-965328.90
10,1,synergy,off,8,23,-965053.90
10,1,synergy,off,8,24,-982311.90
10,1,synergy,off,8,25,-982331.90
10,1,synergy,off,8,26,-981931.90
10,1,synergy,off,8,27,-980554.80
10,1,synergy,off,8,28,-976331.21
10,1,synergy,off,8,29,-958788.53
10,1,synergy,off,8,30,-947943.88
10,1,synergy,off,8,31,-923666.77
10,1,synergy,off,8,32,-637975.36
10,1,synergy,off,8,33,-603539.92
10,1,synergy,off,8,34,-599299.30
10,1,synergy,off,8,35,306039.86
10,1,synergy,off,8,36,249952.36
10,1,synergy,off,8,37,256334.86
10,1,synergy,off,8,38,262655.55
10,1,synergy,off,8,39,268865.55
10,1,synergy,off,8,40,-223255.36
10,1,synergy,off,9,1,-999980.00
10,1,synergy,off,9,2,-999977.79
10,1,synergy,off,9,3,-999977.79
10,1,synergy,off,9,4,-999978.69
10,1,synergy,off,9,5,-999955.32
10,1,synergy,off,9,6,-999934.77
10,1,synergy,off,9,7,-999934.77
10,1,synergy,off,9,8,-999880.78
10,1,synergy,off,9,9,-999793.33
10,1,synergy,off,9,10,-999297.39
10,1,synergy,off,9,11,-998778.64
10,1,synergy,off,9,12,-993607.09
10,1,synergy,off,9,13,-993712.09
10,1,synergy,off,9,14,-993802.09
10,1,synergy,off,9,15,-993577.09
10,1,synergy,off,9,16,-986367.23
10,1,synergy,off,9,17,-968131.22
10,1,synergy,off,9,18,-916047.64
10,1,synergy,off,9,19,-785571.63
10,1,synergy,off,9,20,-810420.73
10,1,synergy,off,9,21,-734591.52
10,1,synergy,off,9,22,-731829.02
10,1,synergy,off,9,23,-704575.89
10,1,synergy,off,9,24,-966619.08
10,1,synergy,off,9,25,-961937.20
10,1,synergy,off,9,26,-961957.20
10,1,synergy,off,9,27,-952995.95
10,1,synergy,off,9,28,-958015.95
10,1,synergy,off,9,29,-956932.20
10,1,synergy,off,9,30,-945771.22
10,1,synergy,off,9,31,-889029.73
10,1,synergy,off,9,32,-917610.73
10,1,synergy,off,9,33,-881240.23
10,1,synergy,off,9,34,-722364.64
10,1,synergy,off,9,35,-722414.64
10,1,synergy,off,9,36,-785221.52
10,1,synergy,off,9,37,-732412.39
10,1,synergy,off,9,38,-731399.02
10,1,synergy,off,9,39,-731604.02
10,1,synergy,off,9,40,-756668.64
10,1,synergy,off,10,1,-999980.00
10,1,synergy,off,10,2,-999980.00
10,1,synergy,off,10,3,-999980.00
10,1,synergy,off,10,4,-999980.00
10,1,synergy,off,10,5,-999975.61
10,1,synergy,off,10,6,-999987.81
10,1,synergy,off,10,7,-999987.81
10,1,synergy,off,10,8,-999993.90
10,1,synergy,off,10,9,-999988.90
10,1,synergy,off,10,10,-999988.90
10,1,synergy,off,10,11,-999986.50
10,1,synergy,off,10,12,-999986.50
10,1,synergy,off,10,13,-999984.15
10,1,synergy,off,10,14,-999976.11
10,1,synergy,off,10,15,-999971.78
10,1,synergy,off,10,16,-999972.90
10,1,synergy,off,10,17,-999954.78
10,1,synergy,off,10,18,-999954.99
10,1,synergy,off,10,19,-999888.03
10,1,synergy,off,10,20,-999934.87
10,1,synergy,off,10,21,-999934.73
10,1,synergy,off,10,22,-999590.20
10,1,synergy,off,10,23,-997064.01
10,1,synergy,off,10,24,-988954.40
10,1,synergy,off,10,25,-928972.98
10,1,synergy,off,10,26,-927205.98
10,1,synergy,off,10,27,-913991.32
10,1,synergy,off,10,28,-940553.82
10,1,synergy,off,10,29,-758655.33
10,1,synergy,off,10,30,-757558.15
10,1,synergy,off,10,31,-757383.15
10,1,synergy,off,10,32,-932726.90
10,1,synergy,off,10,33,-822656.90
10,1,synergy,off,10,34,-482446.98
10,1,synergy,off,10,35,-471146.98
10,1,synergy,off,10,36,-485466.98
10,1,synergy,off,10,37,-557754.44
10,1,synergy,off,10,38,-555294.44
10,1,synergy,off,10,39,-549624.44
10,1,synergy,off,10,40,-567860.63
10,1,synergy,off,11,1,-999980.00
10,1,synergy,off,11,2,-999974.68
10,1,synergy,off,11,3,-999960.28
10,1,synergy,off,11,4,-999960.28
10,1,synergy,off,11,5,-999960.28
10,1,synergy,off,11,6,-999960.28
10,1,synergy,off,11,7,-999918.96
10,1,synergy,off,11,8,-999928.20
10,1,synergy,off,11,9,-999846.76
10,1,synergy,off,11,10,-999846.76
10,1,synergy,off,11,11,-999828.56
10,1,synergy,off,11,12,-999339.89
10,1,synergy,off,11,13,-999375.58
10,1,synergy,off,11,14,-998794.79
10,1,synergy,off,11,15,-997892.04
10,1,synergy,off,11,16,-997277.23
10,1,synergy,off,11,17,-996244.51
10,1,synergy,off,11,18,-992057.54
10,1,synergy,off,11,19,-991912.91
10,1,synergy,off,11,20,-982927.54
10,1,synergy,off,11,21,-982277.78
10,1,synergy,off,11,22,-946556.16
10,1,synergy,off,11,23,-946094.47
10,1,synergy,off,11,24,-971769.47
10,1,synergy,off,11,25,-959933.45
10,1,synergy,off,11,26,-960388.45
10,1,synergy,off,11,27,-962178.45
10,1,synergy,off,11,28,-938296.47
10,1,synergy,off,11,29,-936742.72
10,1,synergy,off,11,30,-935923.47
10,1,synergy,off,11,31,-934984.15
10,1,synergy,off,11,32,-905451.88
10,1,synergy,off,11,33,-856379.88
10,1,synergy,off,11,34,-830035.06
10,1,synergy,off,11,35,-825896.44
10,1,synergy,off,11,36,-827980.69
10,1,synergy,off,11,37,-790147.46
10,1,synergy,off,11,38,-784908.15
10,1,synergy,off,11,39,-783380.69
10,1,synergy,off,11,40,-738914.31
10,1,synergy,off,12,1,-999980.00
10,1,synergy,off,12,2,-999980.20
10,1,synergy,off,12,3,-999980.40
10,1,synergy,off,12,4,-999977.35
10,1,synergy,off,12,5,-999977.35
10,1,synergy,off,12,6,-999970.18
10,1,synergy,off,12,7,-999838.92
10,1,synergy,off,12,8,-999672.14
10,1,synergy,off,12,9,-999487.38
10,1,synergy,off,12,10,-999288.38
10,1,synergy,off,12,11,-998639.34
10,1,synergy,off,12,12,-998300.40
10,1,synergy,off,12,13,-997380.40
10,1,synergy,off,12,14,-996562.93
10,1,synergy,off,12,15,-996220.23
10,1,synergy,off,12,16,-992291.73
10,1,synergy,off,12,17,-988368.91
10,1,synergy,off,12,18,-983340.80
10,1,synergy,off,12,19,-982745.80
10,1,synergy,off,12,20,-991504.92
10,1,synergy,off,12,21,-990819.92
10,1,synergy,off,12,22,-986229.92
10,1,synergy,off,12,23,-984116.40
10,1,synergy,off,12,24,-959675.54
10,1,synergy,off,12,25,-956620.54
10,1,synergy,off,12,26,-956605.54
10,1,synergy,off,12,27,-956035.54
10,1,synergy,off,12,28,-954425.20
10,1,synergy,off,12,29,-950905.20
10,1,synergy,off,12,30,-941603.70
10,1,synergy,off,12,31,-938426.38
10,1,synergy,off,12,32,-940731.38
10,1,synergy,off,12,33,-940909.54
10,1,synergy,off,12,34,-917890.75
10,1,synergy,off,12,35,-905355.05
10,1,synergy,off,12,36,-895970.74
10,1,synergy,off,12,37,-869044.58
10,1,synergy,off,12,38,-863525.96
10,1,synergy,off,12,39,-862503.08
10,1,synergy,off,12,40,-877698.13
10,1,synergy,off,13,1,-999980.00
10,1,synergy,off,13,2,-999979.10
10,1,synergy,off,13,3,-999979.10
10,1,synergy,off,13,4,-999983.70
10,1,synergy,off,13,5,-999983.70
10,1,synergy,off,13,6,-999969.08
10,1,synergy,off,13,7,-999976.56
10,1,synergy,off,13,8,-999967.80
10,1,synergy,off,13,9,-999908.91
10,1,synergy,off,13,10,-999892.43
10,1,synergy,off,13,11,-999750.67
10,1,synergy,off,13,12,-999750.67
10,1,synergy,off,13,13,-999239.65
10,1,synergy,off,13,14,-999026.68
10,1,synergy,off,13,15,-998647.53
10,1,synergy,off,13,16,-995573.73
10,1,synergy,off,13,17,-994978.73
10,1,synergy,off,13,18,-993690.87
10,1,synergy,off,13,19,-992202.78
10,1,synergy,off,13,20,-991976.41
10,1,synergy,off,13,21,-990493.02
10,1,synergy,off,13,22,-990216.88
10,1,synergy,off,13,23,-988192.17
10,1,synergy,off,13,24,-986727.69
10,1,synergy,off,13,25,-984254.65
10,1,synergy,off,13,26,-980122.37
10,1,synergy,off,13,27,-979422.37
10,1,synergy,off,13,28,-980200.77
10,1,synergy,off,13,29,-979420.77
10,1,synergy,off,13,30,-979665.77
10,1,synergy,off,13,31,-978120.55
10,1,synergy,off,13,32,-974494.41
10,1,synergy,off,13,33,-924722.14
10,1,synergy,off,13,34,-924047.14
10,1,synergy,off,13,35,-922466.86
10,1,synergy,off,13,36,-956155.52
10,1,synergy,off,13,37,-928465.52
10,1,synergy,off,13,38,-925686.77
10,1,synergy,off,13,39,-915530.77
10,1,synergy,off,13,40,-918954.51
10,1,synergy,off,14,1,-999980.00
10,1,synergy,off,14,2,-999970.05
10,1,synergy,off,14,3,-999866.97
10,1,synergy,off,14,4,-999827.49
10,1,synergy,off,14,5,-999785.46
10,1,synergy,off,14,6,-999322.55
10,1,synergy,off,14,7,-999136.40
10,1,synergy,off,14,8,-999308.58
10,1,synergy,off,14,9,-997756.92
10,1,synergy,off,14,10,-997553.58
10,1,synergy,off,14,11,-997608.58
10,1,synergy,off,14,12,-998239.29
10,1,synergy,off,14,13,-997162.26
10,1,synergy,off,14,14,-996231.86
10,1,synergy,off,14,15,-988570.91
10,1,synergy,off,14,16,-988170.91
10,1,synergy,off,14,17,-979907.27
10,1,synergy,off,14,18,-978042.77
10,1,synergy,off,14,19,-977907.77
10,1,synergy,off,14,20,-988657.77
10,1,synergy,off,14,21,-992212.92
10,1,synergy,off,14,22,-996128.70
10,1,synergy,off,14,23,-996189.69
10,1,synergy,off,14,24,-996436.60
10,1,synergy,off,14,25,-996417.30
10,1,synergy,off,14,26,-996385.05
10,1,synergy,off,14,27,-996421.56
10,1,synergy,off,14,28,-996380.33
10,1,synergy,off,14,29,-996377.97
10,1,synergy,off,14,30,-996363.48
10,1,synergy,off,14,31,-996128.29
10,1,synergy,off,14,32,-995878.93
10,1,synergy,off,14,33,-993349.70
10,1,synergy,off,14,34,-989788.45
10,1,synergy,off,14,35,-984615.47
10,1,synergy,off,14,36,-983551.72
10,1,synergy,off,14,37,-980368.82
10,1,synergy,off,14,38,-981733.82
10,1,synergy,off,14,39,-778922.62
10,1,synergy,off,14,40,-906152.62
10,1,synergy,off,15,1,-999980.00
10,1,synergy,off,15,2,-999963.53
10,1,synergy,off,15,3,-999963.53
10,1,synergy,off,15,4,-999963.53
10,1,synergy,off,15,5,-999963.53
10,1,synergy,off,15,6,-999959.25
10,1,synergy,off,15,7,-999961.05
10,1,synergy,off,15,8,-999938.42
10,1,synergy,off,15,9,-999933.42
10,1,synergy,off,15,10,-999959.74
10,1,synergy,off,15,11,-999963.63
10,1,synergy,off,15,12,-999947.07
10,1,synergy,off,15,13,-999907.90
10,1,synergy,off,15,14,-999745.91
10,1,synergy,off,15,15,-999098.22
10,1,synergy,off,15,16,-997908.84
10,1,synergy,off,15,17,-996641.83
10,1,synergy,off,15,18,-998859.80
10,1,synergy,off,15,19,-993344.49
10,1,synergy,off,15,20,-991640.50
10,1,synergy,off,15,21,-989919.37
10,1,synergy,off,15,22,-985345.49
10,1,synergy,off,15,23,-988956.01
10,1,synergy,off,15,24,-987780.01
10,1,synergy,off,15,25,-953617.75
10,1,synergy,off,15,26,-890029.54
10,1,synergy,off,15,27,-884327.16
10,1,synergy,off,15,28,-917391.66
10,1,synergy,off,15,29,-821478.54
10,1,synergy,off,15,30,-820962.91
10,1,synergy,off,15,31,-820498.85
10,1,synergy,off,15,32,-806018.22
10,1,synergy,off,15,33,-805408.22
10,1,synergy,off,15,34,-803003.31
10,1,synergy,off,15,35,-805511.09
10,1,synergy,off,15,36,-803904.16
10,1,synergy,off,15,37,-801346.38
10,1,synergy,off,15,38,-798983.94
10,1,synergy,off,15,39,-754382.00
10,1,synergy,off,15,40,-763353.56
10,1,synergy,off,16,1,-999980.00
10,1,synergy,off,16,2,-999976.14
10,1,synergy,off,16,3,-999959.64
10,1,synergy,off,16,4,-999979.82
10,1,synergy,off,16,5,-999986.98
10,1,synergy,off,16,6,-999980.66
10,1,synergy,off,16,7,-999981.78
10,1,synergy,off,16,8,-999983.84
10,1,synergy,off,16,9,-999969.73
10,1,synergy,off,16,10,-999963.90
10,1,synergy,off,16,11,-999909.16
10,1,synergy,off,16,12,-999909.16
10,1,synergy,off,16,13,-999828.08
10,1,synergy,off,16,14,-999768.54
10,1,synergy,off,16,15,-999527.26
10,1,synergy,off,16,16,-998809.94
10,1,synergy,off,16,17,-998814.94
10,1,synergy,off,16,18,-998421.19
10,1,synergy,off,16,19,-993730.86
10,1,synergy,off,16,20,-993422.23
10,1,synergy,off,16,21,-992216.81
10,1,synergy,off,16,22,-979463.81
10,1,synergy,off,16,23,-980875.35
10,1,synergy,off,16,24,-973708.86
10,1,synergy,off,16,25,-972855.11
10,1,synergy,off,16,26,-968369.60
10,1,synergy,off,16,27,-967723.35
10,1,synergy,off,16,28,-967723.35
10,1,synergy,off,16,29,-966255.22
10,1,synergy,off,16,30,-952188.13
10,1,synergy,off,16,31,-950688.81
10,1,synergy,off,16,32,-939953.71
10,1,synergy,off,16,33,-939508.71
10,1,synergy,off,16,34,-926696.83
10,1,synergy,off,16,35,-926841.83
10,1,synergy,off,16,36,-929187.46
10,1,synergy,off,16,37,-925010.90
10,1,synergy,off,16,38,-924835.90
10,1,synergy,off,16,39,-926700.90
10,1,synergy,off,16,40,-929675.90
10,1,synergy,off,17,1,-999980.00
10,1,synergy,off,17,2,-999982.41
10,1,synergy,off,17,3,-999967.08
10,1,synergy,off,17,4,-999965.86
10,1,synergy,off,17,5,-999965.86
10,1,synergy,off,17,6,-999946.66
10,1,synergy,off,17,7,-999938.09
10,1,synergy,off,17,8,-999936.11
10,1,synergy,off,17,9,-999853.23
10,1,synergy,off,17,10,-999803.24
10,1,synergy,off,17,11,-999719.26
10,1,synergy,off,17,12,-999686.52
10,1,synergy,off,17,13,-999624.51
10,1,synergy,off,17,14,-994470.67
10,1,synergy,off,17,15,-996923.12
10,1,synergy,off,17,16,-996317.14
10,1,synergy,off,17,17,-991738.88
10,1,synergy,off,17,18,-988198.88
10,1,synergy,off,17,19,-986778.88
10,1,synergy,off,17,20,-982311.24
10,1,synergy,off,17,21,-973194.70
10,1,synergy,off,17,22,-967079.70
10,1,synergy,off,17,23,-966648.70
10,1,synergy,off,17,24,-981143.70
10,1,synergy,off,17,25,-944242.86
10,1,synergy,off,17,26,-943133.86
10,1,synergy,off,17,27,-941297.86
10,1,synergy,off,17,28,-957132.86
10,1,synergy,off,17,29,-936277.02
10,1,synergy,off,17,30,-922219.78
10,1,synergy,off,17,31,-922359.78
10,1,synergy,off,17,32,-962482.08
10,1,synergy,off,17,33,-950332.08
10,1,synergy,off,17,34,-946792.08
10,1,synergy,off,17,35,-940262.08
10,1,synergy,off,17,36,-940928.51
10,1,synergy,off,17,37,-908336.38
10,1,synergy,off,17,38,-871522.46
10,1,synergy,off,17,39,-869492.46
10,1,synergy,off,17,40,-939417.46
10,1,synergy,off,18,1,-999980.00
10,1,synergy,off,18,2,-999979.98
10,1,synergy,off,18,3,-999979.98
10,1,synergy,off,18,4,-999799.12
10,1,synergy,off,18,5,-999763.18
10,1,synergy,off,18,6,-999665.18
10,1,synergy,off,18,7,-999715.38
10,1,synergy,off,18,8,-999580.42
10,1,synergy,off,18,9,-998614.37
10,1,synergy,off,18,10,-995847.48
10,1,synergy,off,18,11,-995728.69
10,1,synergy,off,18,12,-998008.37
10,1,synergy,off,18,13,-997196.46
10,1,synergy,off,18,14,-996168.31
10,1,synergy,off,18,15,-991375.77
10,1,synergy,off,18,16,-990385.77
10,1,synergy,off,18,17,-989730.77
10,1,synergy,off,18,18,-989138.33
10,1,synergy,off,18,19,-989095.91
10,1,synergy,off,18,20,-988722.25
10,1,synergy,off,18,21,-987597.38
10,1,synergy,off,18,22,-986834.26
10,1,synergy,off,18,23,-985408.79
10,1,synergy,off,18,24,-981410.29
10,1,synergy,off,18,25,-973841.12
10,1,synergy,off,18,26,-956449.04
10,1,synergy,off,18,27,-939460.15
10,1,synergy,off,18,28,-962850.96
10,1,synergy,off,18,29,-963989.94
10,1,synergy,off,18,30,-951797.77
10,1,synergy,off,18,31,-955885.91
10,1,synergy,off,18,32,-955951.65
10,1,synergy,off,18,33,-915405.73
10,1,synergy,off,18,34,-913615.54
10,1,synergy,off,18,35,-877019.85
10,1,synergy,off,18,36,-908306.88
10,1,synergy,off,18,37,-254603.67
10,1,synergy,off,18,38,-254658.67
10,1,synergy,off,18,39,-254447.67
10,1,synergy,off,18,40,-502627.67
10,1,synergy,off,19,1,-999980.00
10,1,synergy,off,19,2,-999983.38
10,1,synergy,off,19,3,-999939.18
10,1,synergy,off,19,4,-999905.38
10,1,synergy,off,19,5,-999947.63
10,1,synergy,off,19,6,-999950.57
10,1,synergy,off,19,7,-999934.90
10,1,synergy,off,19,8,-999942.15
10,1,synergy,off,19,9,-999922.92
10,1,synergy,off,19,10,-999806.05
10,1,synergy,off,19,11,-999426.30
10,1,synergy,off,19,12,-998700.98
10,1,synergy,off,19,13,-997425.09
10,1,synergy,off,19,14,-994533.12
10,1,synergy,off,19,15,-995006.12
10,1,synergy,off,19,16,-992993.66
10,1,synergy,off,19,17,-973629.21
10,1,synergy,off,19,18,-972912.59
10,1,synergy,off,19,19,-945931.96
10,1,synergy,off,19,20,-945958.35
10,1,synergy,off,19,21,-931079.73
10,1,synergy,off,19,22,-873908.71
10,1,synergy,off,19,23,-873186.83
10,1,synergy,off,19,24,-968286.83
10,1,synergy,off,19,25,-968431.83
10,1,synergy,off,19,26,-968426.83
10,1,synergy,off,19,27,-966090.58
10,1,synergy,off,19,28,-966105.58
10,1,synergy,off,19,29,-965793.08
10,1,synergy,off,19,30,-962415.58
10,1,synergy,off,19,31,-961059.33
10,1,synergy,off,19,32,-951320.10
10,1,synergy,off,19,33,-951240.10
10,1,synergy,off,19,34,-951230.10
10,1,synergy,off,19,35,-943686.04
10,1,synergy,off,19,36,-943786.04
10,1,synergy,off,19,37,-940841.04
10,1,synergy,off,19,38,-940931.04
10,1,synergy,off,19,39,-934553.85
10,1,synergy,off,19,40,-942102.91
10,1,synergy,off,20,1,-999980.00
10,1,synergy,off,20,2,-999980.00
10,1,synergy,off,20,3,-999980.00
10,1,synergy,off,20,4,-999978.56
10,1,synergy,off,20,5,-999972.83
10,1,synergy,off,20,6,-999973.75
10,1,synergy,off,20,7,-999983.27
10,1,synergy,off,20,8,-999651.27
10,1,synergy,off,20,9,-999358.72
10,1,synergy,off,20,10,-998229.77
10,1,synergy,off,20,11,-998869.77
10,1,synergy,off,20,12,-996719.77
10,1,synergy,off,20,13,-991403.32
10,1,synergy,off,20,14,-977565.84
10,1,synergy,off,20,15,-957707.24
10,1,synergy,off,20,16,-976594.74
10,1,synergy,off,20,17,-908855.99
10,1,synergy,off,20,18,-908895.99
10,1,synergy,off,20,19,-908157.24
10,1,synergy,off,20,20,-937290.99
10,1,synergy,off,20,21,-939050.99
10,1,synergy,off,20,22,-882978.24
10,1,synergy,off,20,23,-882977.74
10,1,synergy,off,20,24,-935725.24
10,1,synergy,off,20,25,-935890.24
10,1,synergy,off,20,26,-936140.24
10,1,synergy,off,20,27,-931175.24
10,1,synergy,off,20,28,-933628.28
10,1,synergy,off,20,29,-908469.42
10,1,synergy,off,20,30,-908549.42
10,1,synergy,off,20,31,-897069.42
10,1,synergy,off,20,32,-892211.42
10,1,synergy,off,20,33,-891041.42
10,1,synergy,off,20,34,-889953.47
10,1,synergy,off,20,35,-879311.73
10,1,synergy,off,20,36,-868592.74
10,1,synergy,off,20,37,-756680.46
10,1,synergy,off,20,38,-622720.46
10,1,synergy,off,20,39,-619815.46
10,1,synergy,off,20,40,-768255.46
10,1,synergy,off,21,1,-999980.00
10,1,synergy,off,21,2,-999980.00
10,1,synergy,off,21,3,-999980.00
10,1,synergy,off,21,4,-999823.00
10,1,synergy,off,21,5,-999585.78
10,1,synergy,off,21,6,-999565.67
10,1,synergy,off,21,7,-998772.10
10,1,synergy,off,21,8,-995545.15
10,1,synergy,off,21,9,-974770.95
10,1,synergy,off,21,10,-974305.95
10,1,synergy,off,21,11,-971533.45
10,1,synergy,off,21,12,-977440.44
10,1,synergy,off,21,13,-904311.65
10,1,synergy,off,21,14,-899530.85
10,1,synergy,off,21,15,-826023.66
10,1,synergy,off,21,16,-629606.12
10,1,synergy,off,21,17,-437516.74
10,1,synergy,off,21,18,-161837.08
10,1,synergy,off,21,19,-154442.63
10,1,synergy,off,21,20,172302.71
10,1,synergy,off,21,21,177664.77
10,1,synergy,off,21,22,181319.77
10,1,synergy,off,21,23,160784.77
10,1,synergy,off,21,24,128304.77
10,1,synergy,off,21,25,134529.77
10,1,synergy,off,21,26,214374.77
10,1,synergy,off,21,27,230357.77
10,1,synergy,off,21,28,195452.77
10,1,synergy,off,21,29,205917.77
10,1,synergy,off,21,30,206957.77
10,1,synergy,off,21,31,266757.77
10,1,synergy,off,21,32,255257.77
10,1,synergy,off,21,33,291038.06
10,1,synergy,off,21,34,1276581.80
10,1,synergy,off,21,35,1268511.80
10,1,synergy,off,21,36,772224.10
10,1,synergy,off,21,37,3492784.10
10,1,synergy,off,21,38,3510319.10
10,1,synergy,off,21,39,3519619.10
10,1,synergy,off,21,40,4895559.10
10,1,synergy,off,22,1,-999980.00
10,1,synergy,off,22,2,-999971.78
10,1,synergy,off,22,3,-999971.78
10,1,synergy,off,22,4,-999970.87
10,1,synergy,off,22,5,-999962.45
10,1,synergy,off,22,6,-999800.45
10,1,synergy,off,22,7,-999574.11
10,1,synergy,off,22,8,-999346.41
10,1,synergy,off,22,9,-997905.25
10,1,synergy,off,22,10,-986455.25
10,1,synergy,off,22,11,-971933.73
10,1,synergy,off,22,12,-972641.06
10,1,synergy,off,22,13,-868502.88
10,1,synergy,off,22,14,-721815.88
10,1,synergy,off,22,15,-573080.76
10,1,synergy,off,22,16,-783394.63
10,1,synergy,off,22,17,-778529.63
10,1,synergy,off,22,18,-777704.63
10,1,synergy,off,22,19,-756189.89
10,1,synergy,off,22,20,-738799.01
10,1,synergy,off,22,21,-742979.01
10,1,synergy,off,22,22,-729654.01
10,1,synergy,off,22,23,-728029.01
10,1,synergy,off,22,24,-732579.01
10,1,synergy,off,22,25,-599552.34
10,1,synergy,off,22,26,-598405.82
10,1,synergy,off,22,27,-631397.72
10,1,synergy,off,22,28,-678659.92
10,1,synergy,off,22,29,-670130.82
10,1,synergy,off,22,30,-673967.52
10,1,synergy,off,22,31,-377624.12
10,1,synergy,off,22,32,-441835.22
10,1,synergy,off,22,33,-412204.22
10,1,synergy,off,22,34,-408754.22
10,1,synergy,off,22,35,-394999.22
10,1,synergy,off,22,36,-398379.22
10,1,synergy,off,22,37,-381819.22
10,1,synergy,off,22,38,-381269.22
10,1,synergy,off,22,39,-375639.22
10,1,synergy,off,22,40,-397409.22
10,1,synergy,off,23,1,-999980.00
10,1,synergy,off,23,2,-999974.61
10,1,synergy,off,23,3,-999939.73
10,1,synergy,off,23,4,-999920.69
10,1,synergy,off,23,5,-999941.64
10,1,synergy,off,23,6,-999734.76
10,1,synergy,off,23,7,-999304.49
10,1,synergy,off,23,8,-999269.49
10,1,synergy,off,23,9,-999459.49
10,1,synergy,off,23,10,-999514.49
10,1,synergy,off,23,11,-999419.49
10,1,synergy,off,23,12,-998783.87
10,1,synergy,off,23,13,-998778.59
10,1,synergy,off,23,14,-996678.98
10,1,synergy,off,23,15,-995450.76
10,1,synergy,off,23,16,-994744.67
10,1,synergy,off,23,17,-993423.32
10,1,synergy,off,23,18,-983409.91
10,1,synergy,off,23,19,-980028.48
10,1,synergy,off,23,20,-985153.48
10,1,synergy,off,23,21,-989843.48
10,1,synergy,off,23,22,-991254.40
10,1,synergy,off,23,23,-987398.84
10,1,synergy,off,23,24,-985453.65
10,1,synergy,off,23,25,-980906.58
10,1,synergy,off,23,26,-977517.20
10,1,synergy,off,23,27,-968350.16
10,1,synergy,off,23,28,-984203.65
10,1,synergy,off,23,29,-983990.53
10,1,synergy,off,23,30,-976468.72
10,1,synergy,off,23,31,-975497.13
10,1,synergy,off,23,32,-982882.13
10,1,synergy,off,23,33,-982852.13
10,1,synergy,off,23,34,-980487.13
10,1,synergy,off,23,35,-979409.00
10,1,synergy,off,23,36,-978414.19
10,1,synergy,off,23,37,-977422.38
10,1,synergy,off,23,38,-979611.34
10,1,synergy,off,23,39,-979486.34
10,1,synergy,off,23,40,-973876.26
10,1,synergy,off,24,1,-999980.00
10,1,synergy,off,24,2,-999979.95
10,1,synergy,off,24,3,-999979.95
10,1,synergy,off,24,4,-999986.26
10,1,synergy,off,24,5,-999979.95
10,1,synergy,off,24,6,-999824.39
10,1,synergy,off,24,7,-999877.92
10,1,synergy,off,24,8,-999863.75
10,1,synergy,off,24,9,-998846.75
10,1,synergy,off,24,10,-996044.95
10,1,synergy,off,24,11,-981786.93
10,1,synergy,off,24,12,-991786.93
10,1,synergy,off,24,13,-993366.93
10,1,synergy,off,24,14,-991929.43
10,1,synergy,off,24,15,-990999.43
10,1,synergy,off,24,16,-987586.93
10,1,synergy,off,24,17,-946291.93
10,1,synergy,off,24,18,-968191.93
10,1,synergy,off,24,19,-961204.43
10,1,synergy,off,24,20,-966084.43
10,1,synergy,off,24,21,-977033.18
10,1,synergy,off,24,22,-960020.68
10,1,synergy,off,24,23,-960385.68
10,1,synergy,off,24,24,-962580.68
10,1,synergy,off,24,25,-962318.93
10,1,synergy,off,24,26,-862845.83
10,1,synergy,off,24,27,-860606.08
10,1,synergy,off,24,28,-924281.08
10,1,synergy,off,24,29,-924336.08
10,1,synergy,off,24,30,-923411.08
10,1,synergy,off,24,31,-927751.08
10,1,synergy,off,24,32,-936242.08
10,1,synergy,off,24,33,-936382.08
10,1,synergy,off,24,34,-935537.08
10,1,synergy,off,24,35,-935727.08
10,1,synergy,off,24,36,-925852.71
10,1,synergy,off,24,37,-925832.71
10,1,synergy,off,24,38,-914565.21
10,1,synergy,off,24,39,-831926.18
10,1,synergy,off,24,40,-899566.18
10,1,synergy,off,25,1,-999980.00
10,1,synergy,off,25,2,-999984.10
10,1,synergy,off,25,3,-999955.98
10,1,synergy,off,25,4,-999970.77
10,1,synergy,off,25,5,-999843.06
10,1,synergy,off,25,6,-999573.33
10,1,synergy,off,25,7,-999538.33
10,1,synergy,off,25,8,-999133.33
10,1,synergy,off,25,9,-998346.92
10,1,synergy,off,25,10,-998187.01
10,1,synergy,off,25,11,-995196.96
10,1,synergy,off,25,12,-993811.96
10,1,synergy,off,25,13,-985580.40
10,1,synergy,off,25,14,-981304.10
10,1,synergy,off,25,15,-976021.20
10,1,synergy,off,25,16,-980746.20
10,1,synergy,off,25,17,-961879.93
10,1,synergy,off,25,18,-947993.23
10,1,synergy,off,25,19,-893206.56
10,1,synergy,off,25,20,-945364.16
10,1,synergy,off,25,21,-926281.44
10,1,synergy,off,25,22,-926376.44
10,1,synergy,off,25,23,-926185.81
10,1,synergy,off,25,24,-956447.06
10,1,synergy,off,25,25,-879979.56
10,1,synergy,off,25,26,-848104.56
10,1,synergy,off,25,27,-846022.06
10,1,synergy,off,25,28,-911087.06
10,1,synergy,off,25,29,-903159.56
10,1,synergy,off,25,30,-931628.31
10,1,synergy,off,25,31,-931088.31
10,1,synergy,off,25,32,-932312.69
10,1,synergy,off,25,33,-919021.44
10,1,synergy,off,25,34,-917236.44
10,1,synergy,off,25,35,-886410.63
10,1,synergy,off,25,36,-897605.13
10,1,synergy,off,25,37,-875505.00
10,1,synergy,off,25,38,-874392.50
10,1,synergy,off,25,39,-804063.90
10,1,synergy,off,25,40,-892177.90
10,1,synergy,off,26,1,-999980.00
10,1,synergy,off,26,2,-999977.10
10,1,synergy,off,26,3,-999977.10
10,1,synergy,off,26,4,-999976.14
10,1,synergy,off,26,5,-999968.73
10,1,synergy,off,26,6,-999968.73
10,1,synergy,off,26,7,-999962.61
10,1,synergy,off,26,8,-999925.41
10,1,synergy,off,26,9,-999877.15
10,1,synergy,off,26,10,-999783.85
10,1,synergy,off,26,11,-999373.19
10,1,synergy,off,26,12,-999271.36
10,1,synergy,off,26,13,-997173.95
10,1,synergy,off,26,14,-994896.76
10,1,synergy,off,26,15,-997169.03
10,1,synergy,off,26,16,-993769.03
10,1,synergy,off,26,17,-993264.03
10,1,synergy,off,26,18,-992466.13
10,1,synergy,off,26,19,-978591.90
10,1,synergy,off,26,20,-981329.74
10,1,synergy,off,26,21,-975230.22
10,1,synergy,off,26,22,-948768.75
10,1,synergy,off,26,23,-947388.75
10,1,synergy,off,26,24,-975726.25
10,1,synergy,off,26,25,-970147.50
10,1,synergy,off,26,26,-915757.49
10,1,synergy,off,26,27,-858853.25
10,1,synergy,off,26,28,-860468.04
10,1,synergy,off,26,29,-852529.17
10,1,synergy,off,26,30,-852554.17
10,1,synergy,off,26,31,-852624.17
10,1,synergy,off,26,32,-754544.54
10,1,synergy,off,26,33,-757379.54
10,1,synergy,off,26,34,-752859.54
10,1,synergy,off,26,35,-678076.54
10,1,synergy,off,26,36,-278959.29
10,1,synergy,off,26,37,-302729.29
10,1,synergy,off,26,38,-305264.29
10,1,synergy,off,26,39,-101412.04
10,1,synergy,off,26,40,-135877.04
10,1,synergy,off,27,1,-999980.00
10,1,synergy,off,27,2,-999973.98
10,1,synergy,off,27,3,-999968.70
10,1,synergy,off,27,4,-999764.01
10,1,synergy,off,27,5,-999544.01
10,1,synergy,off,27,6,-998915.91
10,1,synergy,off,27,7,-998534.01
10,1,synergy,off,27,8,-998616.82
10,1,synergy,off,27,9,-995314.09
10,1,synergy,off,27,10,-994495.65
10,1,synergy,off,27,11,-993205.65
10,1,synergy,off,27,12,-990915.37
10,1,synergy,off,27,13,-990320.37
10,1,synergy,off,27,14,-992615.37
10,1,synergy,off,27,15,-989530.37
10,1,synergy,off,27,16,-990795.37
10,1,synergy,off,27,17,-984610.37
10,1,synergy,off,27,18,-984240.37
10,1,synergy,off,27,19,-983110.37
10,1,synergy,off,27,20,-983695.37
10,1,synergy,off,27,21,-980815.37
10,1,synergy,off,27,22,-969943.07
10,1,synergy,off,27,23,-968048.07
10,1,synergy,off,27,24,-986641.72
10,1,synergy,off,27,25,-985946.72
10,1,synergy,off,27,26,-985686.72
10,1,synergy,off,27,27,-986204.22
10,1,synergy,off,27,28,-986304.22
10,1,synergy,off,27,29,-985864.22
10,1,synergy,off,27,30,-985670.98
10,1,synergy,off,27,31,-983455.03
10,1,synergy,off,27,32,-982725.03
10,1,synergy,off,27,33,-982690.03
10,1,synergy,off,27,34,-982105.03
10,1,synergy,off,27,35,-976932.37
10,1,synergy,off,27,36,-976558.64
10,1,synergy,off,27,37,-973241.69
10,1,synergy,off,27,38,-972206.07
10,1,synergy,off,27,39,-971796.07
10,1,synergy,off,27,40,-971183.07
10,1,synergy,off,28,1,-999980.00
10,1,synergy,off,28,2,-999976.38
10,1,synergy,off,28,3,-999976.38
10,1,synergy,off,28,4,-999937.48
10,1,synergy,off,28,5,-999968.74
10,1,synergy,off,28,6,-999963.61
10,1,synergy,off,28,7,-999961.21
10,1,synergy,off,28,8,-999940.24
10,1,synergy,off,28,9,-999935.24
10,1,synergy,off,28,10,-999935.24
10,1,synergy,off,28,11,-999903.04
10,1,synergy,off,28,12,-999865.63
10,1,synergy,off,28,13,-999821.50
10,1,synergy,off,28,14,-999813.55
10,1,synergy,off,28,15,-999711.02
10,1,synergy,off,28,16,-999499.76
10,1,synergy,off,28,17,-999384.00
10,1,synergy,off,28,18,-998561.19
10,1,synergy,off,28,19,-998931.19
10,1,synergy,off,28,20,-998731.19
10,1,synergy,off,28,21,-998506.19
10,1,synergy,off,28,22,-998696.19
10,1,synergy,off,28,23,-998816.19
10,1,synergy,off,28,24,-997752.36
10,1,synergy,off,28,25,-996720.29
10,1,synergy,off,28,26,-996210.98
10,1,synergy,off,28,27,-994606.07
10,1,synergy,off,28,28,-995133.07
10,1,synergy,off,28,29,-994243.07
10,1,synergy,off,28,30,-989766.26
10,1,synergy,off,28,31,-982891.01
10,1,synergy,off,28,32,-983835.99
10,1,synergy,off,28,33,-947528.79
10,1,synergy,off,28,34,-946744.48
10,1,synergy,off,28,35,-939613.35
10,1,synergy,off,28,36,-980364.00
10,1,synergy,off,28,37,-969597.29
10,1,synergy,off,28,38,-969246.86
10,1,synergy,off,28,39,-970296.86
10,1,synergy,off,28,40,-987877.79
10,1,synergy,off,29,1,-999980.00
10,1,synergy,off,29,2,-999981.48
10,1,synergy,off,29,3,-999567.56
10,1,synergy,off,29,4,-999206.75
10,1,synergy,off,29,5,-997925.95
10,1,synergy,off,29,6,-996829.51
10,1,synergy,off,29,7,-987458.40
10,1,synergy,off,29,8,-991303.40
10,1,synergy,off,29,9,-987913.40
10,1,synergy,off,29,10,-982914.71
10,1,synergy,off,29,11,-978354.71
10,1,synergy,off,29,12,-983409.71
10,1,synergy,off,29,13,-983604.71
10,1,synergy,off,29,14,-983404.06
10,1,synergy,off,29,15,-982564.06
10,1,synergy,off,29,16,-985993.73
10,1,synergy,off,29,17,-985748.73
10,1,synergy,off,29,18,-985526.28
10,1,synergy,off,29,19,-985332.07
10,1,synergy,off,29,20,-985346.86
10,1,synergy,off,29,21,-984909.59
10,1,synergy,off,29,22,-984469.47
10,1,synergy,off,29,23,-983909.39
10,1,synergy,off,29,24,-983324.59
10,1,synergy,off,29,25,-977121.17
10,1,synergy,off,29,26,-980685.75
10,1,synergy,off,29,27,-978363.66
10,1,synergy,off,29,28,-977262.18
10,1,synergy,off,29,29,-983419.38
10,1,synergy,off,29,30,-983274.38
10,1,synergy,off,29,31,-982020.24
10,1,synergy,off,29,32,-981142.69
10,1,synergy,off,29,33,-975959.85
10,1,synergy,off,29,34,-962664.66
10,1,synergy,off,29,35,-956364.49
10,1,synergy,off,29,36,-975440.74
10,1,synergy,off,29,37,-975490.74
10,1,synergy,off,29,38,-974760.74
10,1,synergy,off,29,39,-947142.80
10,1,synergy,off,29,40,-950425.40
